measurementID,measurementType,measurementValue,measurementUnit,measurementDeterminedDate,measurementDeterminedBy,measurementMethod,measurementRemarks,eventID
NSD01S-20220511-S01,pH KCl,5.96,NA,2022-05-11,"Laboratorio Analítico Bioclínico (https://www.lab-sl.com/en/) Almería, Spain",,,NSD01S-20220511
NSD01S-20220511-S02,pH,6.5,NA,2022-05-11,"Laboratorio Analítico Bioclínico (https://www.lab-sl.com/en/) Almería, Spain",,,NSD01S-20220511
NSD01S-20220511-S03,Conductivity,84,microS/cm,2022-05-11,"Laboratorio Analítico Bioclínico (https://www.lab-sl.com/en/) Almería, Spain",,,NSD01S-20220511
NSD01S-20220511-S04,Sulphate,10,mg/L,2022-05-11,"Laboratorio Analítico Bioclínico (https://www.lab-sl.com/en/) Almería, Spain",,,NSD01S-20220511
NSD01S-20220511-S05,Bicarbonate,47,mg/L,2022-05-11,"Laboratorio Analítico Bioclínico (https://www.lab-sl.com/en/) Almería, Spain",,,NSD01S-20220511
NSD01S-20220511-S06,Total N,0.21,%,2022-05-11,"Laboratorio Analítico Bioclínico (https://www.lab-sl.com/en/) Almería, Spain",,,NSD01S-20220511
NSD01S-20220511-S07,Assimilable K,244.2,mg/kg,2022-05-11,"Laboratorio Analítico Bioclínico (https://www.lab-sl.com/en/) Almería, Spain",,,NSD01S-20220511
NSD01S-20220511-S08,Assimilable P,8.48,mg/kg,2022-05-11,"Laboratorio Analítico Bioclínico (https://www.lab-sl.com/en/) Almería, Spain",,,NSD01S-20220511
NSD01S-20220511-S09,Soil Organic Matter,7.8,???,2022-05-11,"Laboratorio Analítico Bioclínico (https://www.lab-sl.com/en/) Almería, Spain",,,NSD01S-20220511
NSD01S-20220511-S10,Ratio C:N,21.54,NA,2022-05-11,"Laboratorio Analítico Bioclínico (https://www.lab-sl.com/en/) Almería, Spain",,,NSD01S-20220511
NSD01S-20220511-S11,Sand,55,%,2022-05-11,"Laboratorio Analítico Bioclínico (https://www.lab-sl.com/en/) Almería, Spain",,,NSD01S-20220511
NSD01S-20220511-S12,Slime,15,%,2022-05-11,"Laboratorio Analítico Bioclínico (https://www.lab-sl.com/en/) Almería, Spain",,,NSD01S-20220511
NSD01S-20220511-S13,Clay,30,%,2022-05-11,"Laboratorio Analítico Bioclínico (https://www.lab-sl.com/en/) Almería, Spain",,,NSD01S-20220511
NSD01S-20220511-S14,Field capacity,34.34,%,2022-05-11,"Laboratorio Analítico Bioclínico (https://www.lab-sl.com/en/) Almería, Spain",,,NSD01S-20220511
NSD02S-20220511-S01,pH KCl,6.32,NA,2022-05-11,"Laboratorio Analítico Bioclínico (https://www.lab-sl.com/en/) Almería, Spain",,,NSD02S-20220511
NSD02S-20220511-S02,pH,6.7,NA,2022-05-11,"Laboratorio Analítico Bioclínico (https://www.lab-sl.com/en/) Almería, Spain",,,NSD02S-20220511
NSD02S-20220511-S03,Conductivity,74,microS/cm,2022-05-11,"Laboratorio Analítico Bioclínico (https://www.lab-sl.com/en/) Almería, Spain",,,NSD02S-20220511
NSD02S-20220511-S04,Sulphate,0,mg/L,2022-05-11,"Laboratorio Analítico Bioclínico (https://www.lab-sl.com/en/) Almería, Spain",,,NSD02S-20220511
NSD02S-20220511-S05,Bicarbonate,41,mg/L,2022-05-11,"Laboratorio Analítico Bioclínico (https://www.lab-sl.com/en/) Almería, Spain",,,NSD02S-20220511
NSD02S-20220511-S06,Total N,0.14,%,2022-05-11,"Laboratorio Analítico Bioclínico (https://www.lab-sl.com/en/) Almería, Spain",,,NSD02S-20220511
NSD02S-20220511-S07,Assimilable K,241.6,mg/kg,2022-05-11,"Laboratorio Analítico Bioclínico (https://www.lab-sl.com/en/) Almería, Spain",,,NSD02S-20220511
NSD02S-20220511-S08,Assimilable P,6.08,mg/kg,2022-05-11,"Laboratorio Analítico Bioclínico (https://www.lab-sl.com/en/) Almería, Spain",,,NSD02S-20220511
NSD02S-20220511-S09,Soil Organic Matter,1.98,???,2022-05-11,"Laboratorio Analítico Bioclínico (https://www.lab-sl.com/en/) Almería, Spain",,,NSD02S-20220511
NSD02S-20220511-S10,Ratio C:N,8.2,NA,2022-05-11,"Laboratorio Analítico Bioclínico (https://www.lab-sl.com/en/) Almería, Spain",,,NSD02S-20220511
NSD02S-20220511-S11,Sand,54.5,%,2022-05-11,"Laboratorio Analítico Bioclínico (https://www.lab-sl.com/en/) Almería, Spain",,,NSD02S-20220511
NSD02S-20220511-S12,Slime,20.7,%,2022-05-11,"Laboratorio Analítico Bioclínico (https://www.lab-sl.com/en/) Almería, Spain",,,NSD02S-20220511
NSD02S-20220511-S13,Clay,24.8,%,2022-05-11,"Laboratorio Analítico Bioclínico (https://www.lab-sl.com/en/) Almería, Spain",,,NSD02S-20220511
NSD02S-20220511-S14,Field capacity,22.65,%,2022-05-11,"Laboratorio Analítico Bioclínico (https://www.lab-sl.com/en/) Almería, Spain",,,NSD02S-20220511
NSD03S-20220511-S01,pH KCl,6.12,NA,2022-05-11,"Laboratorio Analítico Bioclínico (https://www.lab-sl.com/en/) Almería, Spain",,,NSD03S-20220511
NSD03S-20220511-S02,pH,7.1,NA,2022-05-11,"Laboratorio Analítico Bioclínico (https://www.lab-sl.com/en/) Almería, Spain",,,NSD03S-20220511
NSD03S-20220511-S03,Conductivity,98,microS/cm,2022-05-11,"Laboratorio Analítico Bioclínico (https://www.lab-sl.com/en/) Almería, Spain",,,NSD03S-20220511
NSD03S-20220511-S04,Sulphate,0,mg/L,2022-05-11,"Laboratorio Analítico Bioclínico (https://www.lab-sl.com/en/) Almería, Spain",,,NSD03S-20220511
NSD03S-20220511-S05,Bicarbonate,54,mg/L,2022-05-11,"Laboratorio Analítico Bioclínico (https://www.lab-sl.com/en/) Almería, Spain",,,NSD03S-20220511
NSD03S-20220511-S06,Total N,0.15,%,2022-05-11,"Laboratorio Analítico Bioclínico (https://www.lab-sl.com/en/) Almería, Spain",,,NSD03S-20220511
NSD03S-20220511-S07,Assimilable K,250.2,mg/kg,2022-05-11,"Laboratorio Analítico Bioclínico (https://www.lab-sl.com/en/) Almería, Spain",,,NSD03S-20220511
NSD03S-20220511-S08,Assimilable P,7.02,mg/kg,2022-05-11,"Laboratorio Analítico Bioclínico (https://www.lab-sl.com/en/) Almería, Spain",,,NSD03S-20220511
NSD03S-20220511-S09,Soil Organic Matter,2.98,???,2022-05-11,"Laboratorio Analítico Bioclínico (https://www.lab-sl.com/en/) Almería, Spain",,,NSD03S-20220511
NSD03S-20220511-S10,Ratio C:N,11.52,NA,2022-05-11,"Laboratorio Analítico Bioclínico (https://www.lab-sl.com/en/) Almería, Spain",,,NSD03S-20220511
NSD03S-20220511-S11,Sand,55.6,%,2022-05-11,"Laboratorio Analítico Bioclínico (https://www.lab-sl.com/en/) Almería, Spain",,,NSD03S-20220511
NSD03S-20220511-S12,Slime,17.7,%,2022-05-11,"Laboratorio Analítico Bioclínico (https://www.lab-sl.com/en/) Almería, Spain",,,NSD03S-20220511
NSD03S-20220511-S13,Clay,26.7,%,2022-05-11,"Laboratorio Analítico Bioclínico (https://www.lab-sl.com/en/) Almería, Spain",,,NSD03S-20220511
NSD03S-20220511-S14,Field capacity,24.68,%,2022-05-11,"Laboratorio Analítico Bioclínico (https://www.lab-sl.com/en/) Almería, Spain",,,NSD03S-20220511
NSD04S-20220511-S01,pH KCl,6.44,NA,2022-05-11,"Laboratorio Analítico Bioclínico (https://www.lab-sl.com/en/) Almería, Spain",,,NSD04S-20220511
NSD04S-20220511-S02,pH,7.1,NA,2022-05-11,"Laboratorio Analítico Bioclínico (https://www.lab-sl.com/en/) Almería, Spain",,,NSD04S-20220511
NSD04S-20220511-S03,Conductivity,71,microS/cm,2022-05-11,"Laboratorio Analítico Bioclínico (https://www.lab-sl.com/en/) Almería, Spain",,,NSD04S-20220511
NSD04S-20220511-S04,Sulphate,0,mg/L,2022-05-11,"Laboratorio Analítico Bioclínico (https://www.lab-sl.com/en/) Almería, Spain",,,NSD04S-20220511
NSD04S-20220511-S05,Bicarbonate,42,mg/L,2022-05-11,"Laboratorio Analítico Bioclínico (https://www.lab-sl.com/en/) Almería, Spain",,,NSD04S-20220511
NSD04S-20220511-S06,Total N,0.11,%,2022-05-11,"Laboratorio Analítico Bioclínico (https://www.lab-sl.com/en/) Almería, Spain",,,NSD04S-20220511
NSD04S-20220511-S07,Assimilable K,235.4,mg/kg,2022-05-11,"Laboratorio Analítico Bioclínico (https://www.lab-sl.com/en/) Almería, Spain",,,NSD04S-20220511
NSD04S-20220511-S08,Assimilable P,8.98,mg/kg,2022-05-11,"Laboratorio Analítico Bioclínico (https://www.lab-sl.com/en/) Almería, Spain",,,NSD04S-20220511
NSD04S-20220511-S09,Soil Organic Matter,1.72,???,2022-05-11,"Laboratorio Analítico Bioclínico (https://www.lab-sl.com/en/) Almería, Spain",,,NSD04S-20220511
NSD04S-20220511-S10,Ratio C:N,9.07,NA,2022-05-11,"Laboratorio Analítico Bioclínico (https://www.lab-sl.com/en/) Almería, Spain",,,NSD04S-20220511
NSD04S-20220511-S11,Sand,58.1,%,2022-05-11,"Laboratorio Analítico Bioclínico (https://www.lab-sl.com/en/) Almería, Spain",,,NSD04S-20220511
NSD04S-20220511-S12,Slime,14,%,2022-05-11,"Laboratorio Analítico Bioclínico (https://www.lab-sl.com/en/) Almería, Spain",,,NSD04S-20220511
NSD04S-20220511-S13,Clay,27.9,%,2022-05-11,"Laboratorio Analítico Bioclínico (https://www.lab-sl.com/en/) Almería, Spain",,,NSD04S-20220511
NSD04S-20220511-S14,Field capacity,19.85,%,2022-05-11,"Laboratorio Analítico Bioclínico (https://www.lab-sl.com/en/) Almería, Spain",,,NSD04S-20220511
NSD05S-20220511-S01,pH KCl,6.44,NA,2022-05-11,"Laboratorio Analítico Bioclínico (https://www.lab-sl.com/en/) Almería, Spain",,,NSD05S-20220511
NSD05S-20220511-S02,pH,7.2,NA,2022-05-11,"Laboratorio Analítico Bioclínico (https://www.lab-sl.com/en/) Almería, Spain",,,NSD05S-20220511
NSD05S-20220511-S03,Conductivity,145,microS/cm,2022-05-11,"Laboratorio Analítico Bioclínico (https://www.lab-sl.com/en/) Almería, Spain",,,NSD05S-20220511
NSD05S-20220511-S04,Sulphate,2.7,mg/L,2022-05-11,"Laboratorio Analítico Bioclínico (https://www.lab-sl.com/en/) Almería, Spain",,,NSD05S-20220511
NSD05S-20220511-S05,Bicarbonate,81,mg/L,2022-05-11,"Laboratorio Analítico Bioclínico (https://www.lab-sl.com/en/) Almería, Spain",,,NSD05S-20220511
NSD05S-20220511-S06,Total N,0.14,%,2022-05-11,"Laboratorio Analítico Bioclínico (https://www.lab-sl.com/en/) Almería, Spain",,,NSD05S-20220511
NSD05S-20220511-S07,Assimilable K,287,mg/kg,2022-05-11,"Laboratorio Analítico Bioclínico (https://www.lab-sl.com/en/) Almería, Spain",,,NSD05S-20220511
NSD05S-20220511-S08,Assimilable P,7.16,mg/kg,2022-05-11,"Laboratorio Analítico Bioclínico (https://www.lab-sl.com/en/) Almería, Spain",,,NSD05S-20220511
NSD05S-20220511-S09,Soil Organic Matter,2.91,???,2022-05-11,"Laboratorio Analítico Bioclínico (https://www.lab-sl.com/en/) Almería, Spain",,,NSD05S-20220511
NSD05S-20220511-S10,Ratio C:N,12.06,NA,2022-05-11,"Laboratorio Analítico Bioclínico (https://www.lab-sl.com/en/) Almería, Spain",,,NSD05S-20220511
NSD05S-20220511-S11,Sand,60.2,%,2022-05-11,"Laboratorio Analítico Bioclínico (https://www.lab-sl.com/en/) Almería, Spain",,,NSD05S-20220511
NSD05S-20220511-S12,Slime,13.3,%,2022-05-11,"Laboratorio Analítico Bioclínico (https://www.lab-sl.com/en/) Almería, Spain",,,NSD05S-20220511
NSD05S-20220511-S13,Clay,26.5,%,2022-05-11,"Laboratorio Analítico Bioclínico (https://www.lab-sl.com/en/) Almería, Spain",,,NSD05S-20220511
NSD05S-20220511-S14,Field capacity,26.05,%,2022-05-11,"Laboratorio Analítico Bioclínico (https://www.lab-sl.com/en/) Almería, Spain",,,NSD05S-20220511
NSD06S-20220511-S01,pH KCl,5.7,NA,2022-05-11,"Laboratorio Analítico Bioclínico (https://www.lab-sl.com/en/) Almería, Spain",,,NSD06S-20220511
NSD06S-20220511-S02,pH,6.7,NA,2022-05-11,"Laboratorio Analítico Bioclínico (https://www.lab-sl.com/en/) Almería, Spain",,,NSD06S-20220511
NSD06S-20220511-S03,Conductivity,310,microS/cm,2022-05-11,"Laboratorio Analítico Bioclínico (https://www.lab-sl.com/en/) Almería, Spain",,,NSD06S-20220511
NSD06S-20220511-S04,Sulphate,11,mg/L,2022-05-11,"Laboratorio Analítico Bioclínico (https://www.lab-sl.com/en/) Almería, Spain",,,NSD06S-20220511
NSD06S-20220511-S05,Bicarbonate,168,mg/L,2022-05-11,"Laboratorio Analítico Bioclínico (https://www.lab-sl.com/en/) Almería, Spain",,,NSD06S-20220511
NSD06S-20220511-S06,Total N,0.24,%,2022-05-11,"Laboratorio Analítico Bioclínico (https://www.lab-sl.com/en/) Almería, Spain",,,NSD06S-20220511
NSD06S-20220511-S07,Assimilable K,276,mg/kg,2022-05-11,"Laboratorio Analítico Bioclínico (https://www.lab-sl.com/en/) Almería, Spain",,,NSD06S-20220511
NSD06S-20220511-S08,Assimilable P,9.1,mg/kg,2022-05-11,"Laboratorio Analítico Bioclínico (https://www.lab-sl.com/en/) Almería, Spain",,,NSD06S-20220511
NSD06S-20220511-S09,Soil Organic Matter,5.62,???,2022-05-11,"Laboratorio Analítico Bioclínico (https://www.lab-sl.com/en/) Almería, Spain",,,NSD06S-20220511
NSD06S-20220511-S10,Ratio C:N,13.58,NA,2022-05-11,"Laboratorio Analítico Bioclínico (https://www.lab-sl.com/en/) Almería, Spain",,,NSD06S-20220511
NSD06S-20220511-S11,Sand,66.2,%,2022-05-11,"Laboratorio Analítico Bioclínico (https://www.lab-sl.com/en/) Almería, Spain",,,NSD06S-20220511
NSD06S-20220511-S12,Slime,4.2,%,2022-05-11,"Laboratorio Analítico Bioclínico (https://www.lab-sl.com/en/) Almería, Spain",,,NSD06S-20220511
NSD06S-20220511-S13,Clay,29.6,%,2022-05-11,"Laboratorio Analítico Bioclínico (https://www.lab-sl.com/en/) Almería, Spain",,,NSD06S-20220511
NSD06S-20220511-S14,Field capacity,29.72,%,2022-05-11,"Laboratorio Analítico Bioclínico (https://www.lab-sl.com/en/) Almería, Spain",,,NSD06S-20220511
NSD07S-20220511-S01,pH KCl,6.1,NA,2022-05-11,"Laboratorio Analítico Bioclínico (https://www.lab-sl.com/en/) Almería, Spain",,,NSD07S-20220511
NSD07S-20220511-S02,pH,6.9,NA,2022-05-11,"Laboratorio Analítico Bioclínico (https://www.lab-sl.com/en/) Almería, Spain",,,NSD07S-20220511
NSD07S-20220511-S03,Conductivity,116,microS/cm,2022-05-11,"Laboratorio Analítico Bioclínico (https://www.lab-sl.com/en/) Almería, Spain",,,NSD07S-20220511
NSD07S-20220511-S04,Sulphate,0,mg/L,2022-05-11,"Laboratorio Analítico Bioclínico (https://www.lab-sl.com/en/) Almería, Spain",,,NSD07S-20220511
NSD07S-20220511-S05,Bicarbonate,78,mg/L,2022-05-11,"Laboratorio Analítico Bioclínico (https://www.lab-sl.com/en/) Almería, Spain",,,NSD07S-20220511
NSD07S-20220511-S06,Total N,0.17,%,2022-05-11,"Laboratorio Analítico Bioclínico (https://www.lab-sl.com/en/) Almería, Spain",,,NSD07S-20220511
NSD07S-20220511-S07,Assimilable K,280.4,mg/kg,2022-05-11,"Laboratorio Analítico Bioclínico (https://www.lab-sl.com/en/) Almería, Spain",,,NSD07S-20220511
NSD07S-20220511-S08,Assimilable P,6.9,mg/kg,2022-05-11,"Laboratorio Analítico Bioclínico (https://www.lab-sl.com/en/) Almería, Spain",,,NSD07S-20220511
NSD07S-20220511-S09,Soil Organic Matter,3.72,???,2022-05-11,"Laboratorio Analítico Bioclínico (https://www.lab-sl.com/en/) Almería, Spain",,,NSD07S-20220511
NSD07S-20220511-S10,Ratio C:N,12.69,NA,2022-05-11,"Laboratorio Analítico Bioclínico (https://www.lab-sl.com/en/) Almería, Spain",,,NSD07S-20220511
NSD07S-20220511-S11,Sand,61.3,%,2022-05-11,"Laboratorio Analítico Bioclínico (https://www.lab-sl.com/en/) Almería, Spain",,,NSD07S-20220511
NSD07S-20220511-S12,Slime,12.9,%,2022-05-11,"Laboratorio Analítico Bioclínico (https://www.lab-sl.com/en/) Almería, Spain",,,NSD07S-20220511
NSD07S-20220511-S13,Clay,25.8,%,2022-05-11,"Laboratorio Analítico Bioclínico (https://www.lab-sl.com/en/) Almería, Spain",,,NSD07S-20220511
NSD07S-20220511-S14,Field capacity,26.65,%,2022-05-11,"Laboratorio Analítico Bioclínico (https://www.lab-sl.com/en/) Almería, Spain",,,NSD07S-20220511
NSD08S-20220511-S01,pH KCl,6.67,NA,2022-05-11,"Laboratorio Analítico Bioclínico (https://www.lab-sl.com/en/) Almería, Spain",,,NSD08S-20220511
NSD08S-20220511-S02,pH,7,NA,2022-05-11,"Laboratorio Analítico Bioclínico (https://www.lab-sl.com/en/) Almería, Spain",,,NSD08S-20220511
NSD08S-20220511-S03,Conductivity,142,microS/cm,2022-05-11,"Laboratorio Analítico Bioclínico (https://www.lab-sl.com/en/) Almería, Spain",,,NSD08S-20220511
NSD08S-20220511-S04,Sulphate,0,mg/L,2022-05-11,"Laboratorio Analítico Bioclínico (https://www.lab-sl.com/en/) Almería, Spain",,,NSD08S-20220511
NSD08S-20220511-S05,Bicarbonate,79,mg/L,2022-05-11,"Laboratorio Analítico Bioclínico (https://www.lab-sl.com/en/) Almería, Spain",,,NSD08S-20220511
NSD08S-20220511-S06,Total N,0.16,%,2022-05-11,"Laboratorio Analítico Bioclínico (https://www.lab-sl.com/en/) Almería, Spain",,,NSD08S-20220511
NSD08S-20220511-S07,Assimilable K,335.4,mg/kg,2022-05-11,"Laboratorio Analítico Bioclínico (https://www.lab-sl.com/en/) Almería, Spain",,,NSD08S-20220511
NSD08S-20220511-S08,Assimilable P,12.26,mg/kg,2022-05-11,"Laboratorio Analítico Bioclínico (https://www.lab-sl.com/en/) Almería, Spain",,,NSD08S-20220511
NSD08S-20220511-S09,Soil Organic Matter,3.58,???,2022-05-11,"Laboratorio Analítico Bioclínico (https://www.lab-sl.com/en/) Almería, Spain",,,NSD08S-20220511
NSD08S-20220511-S10,Ratio C:N,12.98,NA,2022-05-11,"Laboratorio Analítico Bioclínico (https://www.lab-sl.com/en/) Almería, Spain",,,NSD08S-20220511
NSD08S-20220511-S11,Sand,56.2,%,2022-05-11,"Laboratorio Analítico Bioclínico (https://www.lab-sl.com/en/) Almería, Spain",,,NSD08S-20220511
NSD08S-20220511-S12,Slime,14.6,%,2022-05-11,"Laboratorio Analítico Bioclínico (https://www.lab-sl.com/en/) Almería, Spain",,,NSD08S-20220511
NSD08S-20220511-S13,Clay,29.2,%,2022-05-11,"Laboratorio Analítico Bioclínico (https://www.lab-sl.com/en/) Almería, Spain",,,NSD08S-20220511
NSD08S-20220511-S14,Field capacity,22.61,%,2022-05-11,"Laboratorio Analítico Bioclínico (https://www.lab-sl.com/en/) Almería, Spain",,,NSD08S-20220511
NSD09S-20220511-S01,pH KCl,6.44,NA,2022-05-11,"Laboratorio Analítico Bioclínico (https://www.lab-sl.com/en/) Almería, Spain",,,NSD09S-20220511
NSD09S-20220511-S02,pH,7,NA,2022-05-11,"Laboratorio Analítico Bioclínico (https://www.lab-sl.com/en/) Almería, Spain",,,NSD09S-20220511
NSD09S-20220511-S03,Conductivity,86,microS/cm,2022-05-11,"Laboratorio Analítico Bioclínico (https://www.lab-sl.com/en/) Almería, Spain",,,NSD09S-20220511
NSD09S-20220511-S04,Sulphate,0,mg/L,2022-05-11,"Laboratorio Analítico Bioclínico (https://www.lab-sl.com/en/) Almería, Spain",,,NSD09S-20220511
NSD09S-20220511-S05,Bicarbonate,49,mg/L,2022-05-11,"Laboratorio Analítico Bioclínico (https://www.lab-sl.com/en/) Almería, Spain",,,NSD09S-20220511
NSD09S-20220511-S06,Total N,0.13,%,2022-05-11,"Laboratorio Analítico Bioclínico (https://www.lab-sl.com/en/) Almería, Spain",,,NSD09S-20220511
NSD09S-20220511-S07,Assimilable K,243.2,mg/kg,2022-05-11,"Laboratorio Analítico Bioclínico (https://www.lab-sl.com/en/) Almería, Spain",,,NSD09S-20220511
NSD09S-20220511-S08,Assimilable P,9.86,mg/kg,2022-05-11,"Laboratorio Analítico Bioclínico (https://www.lab-sl.com/en/) Almería, Spain",,,NSD09S-20220511
NSD09S-20220511-S09,Soil Organic Matter,2.27,???,2022-05-11,"Laboratorio Analítico Bioclínico (https://www.lab-sl.com/en/) Almería, Spain",,,NSD09S-20220511
NSD09S-20220511-S10,Ratio C:N,10.13,NA,2022-05-11,"Laboratorio Analítico Bioclínico (https://www.lab-sl.com/en/) Almería, Spain",,,NSD09S-20220511
NSD09S-20220511-S11,Sand,60.1,%,2022-05-11,"Laboratorio Analítico Bioclínico (https://www.lab-sl.com/en/) Almería, Spain",,,NSD09S-20220511
NSD09S-20220511-S12,Slime,13.3,%,2022-05-11,"Laboratorio Analítico Bioclínico (https://www.lab-sl.com/en/) Almería, Spain",,,NSD09S-20220511
NSD09S-20220511-S13,Clay,26.6,%,2022-05-11,"Laboratorio Analítico Bioclínico (https://www.lab-sl.com/en/) Almería, Spain",,,NSD09S-20220511
NSD09S-20220511-S14,Field capacity,22.84,%,2022-05-11,"Laboratorio Analítico Bioclínico (https://www.lab-sl.com/en/) Almería, Spain",,,NSD09S-20220511
NSD10S-20220511-S01,pH KCl,6.4,NA,2022-05-11,"Laboratorio Analítico Bioclínico (https://www.lab-sl.com/en/) Almería, Spain",,,NSD10S-20220511
NSD10S-20220511-S02,pH,7,NA,2022-05-11,"Laboratorio Analítico Bioclínico (https://www.lab-sl.com/en/) Almería, Spain",,,NSD10S-20220511
NSD10S-20220511-S03,Conductivity,164,microS/cm,2022-05-11,"Laboratorio Analítico Bioclínico (https://www.lab-sl.com/en/) Almería, Spain",,,NSD10S-20220511
NSD10S-20220511-S04,Sulphate,2.5,mg/L,2022-05-11,"Laboratorio Analítico Bioclínico (https://www.lab-sl.com/en/) Almería, Spain",,,NSD10S-20220511
NSD10S-20220511-S05,Bicarbonate,92,mg/L,2022-05-11,"Laboratorio Analítico Bioclínico (https://www.lab-sl.com/en/) Almería, Spain",,,NSD10S-20220511
NSD10S-20220511-S06,Total N,0.13,%,2022-05-11,"Laboratorio Analítico Bioclínico (https://www.lab-sl.com/en/) Almería, Spain",,,NSD10S-20220511
NSD10S-20220511-S07,Assimilable K,405.2,mg/kg,2022-05-11,"Laboratorio Analítico Bioclínico (https://www.lab-sl.com/en/) Almería, Spain",,,NSD10S-20220511
NSD10S-20220511-S08,Assimilable P,12.32,mg/kg,2022-05-11,"Laboratorio Analítico Bioclínico (https://www.lab-sl.com/en/) Almería, Spain",,,NSD10S-20220511
NSD10S-20220511-S09,Soil Organic Matter,3.33,???,2022-05-11,"Laboratorio Analítico Bioclínico (https://www.lab-sl.com/en/) Almería, Spain",,,NSD10S-20220511
NSD10S-20220511-S10,Ratio C:N,14.86,NA,2022-05-11,"Laboratorio Analítico Bioclínico (https://www.lab-sl.com/en/) Almería, Spain",,,NSD10S-20220511
NSD10S-20220511-S11,Sand,55.6,%,2022-05-11,"Laboratorio Analítico Bioclínico (https://www.lab-sl.com/en/) Almería, Spain",,,NSD10S-20220511
NSD10S-20220511-S12,Slime,14.8,%,2022-05-11,"Laboratorio Analítico Bioclínico (https://www.lab-sl.com/en/) Almería, Spain",,,NSD10S-20220511
NSD10S-20220511-S13,Clay,29.6,%,2022-05-11,"Laboratorio Analítico Bioclínico (https://www.lab-sl.com/en/) Almería, Spain",,,NSD10S-20220511
NSD10S-20220511-S14,Field capacity,26.63,%,2022-05-11,"Laboratorio Analítico Bioclínico (https://www.lab-sl.com/en/) Almería, Spain",,,NSD10S-20220511
NSD11S-20220511-S01,pH KCl,6.22,NA,2022-05-11,"Laboratorio Analítico Bioclínico (https://www.lab-sl.com/en/) Almería, Spain",,,NSD11S-20220511
NSD11S-20220511-S02,pH,6.9,NA,2022-05-11,"Laboratorio Analítico Bioclínico (https://www.lab-sl.com/en/) Almería, Spain",,,NSD11S-20220511
NSD11S-20220511-S03,Conductivity,132,microS/cm,2022-05-11,"Laboratorio Analítico Bioclínico (https://www.lab-sl.com/en/) Almería, Spain",,,NSD11S-20220511
NSD11S-20220511-S04,Sulphate,0,mg/L,2022-05-11,"Laboratorio Analítico Bioclínico (https://www.lab-sl.com/en/) Almería, Spain",,,NSD11S-20220511
NSD11S-20220511-S05,Bicarbonate,78,mg/L,2022-05-11,"Laboratorio Analítico Bioclínico (https://www.lab-sl.com/en/) Almería, Spain",,,NSD11S-20220511
NSD11S-20220511-S06,Total N,0.14,%,2022-05-11,"Laboratorio Analítico Bioclínico (https://www.lab-sl.com/en/) Almería, Spain",,,NSD11S-20220511
NSD11S-20220511-S07,Assimilable K,231.4,mg/kg,2022-05-11,"Laboratorio Analítico Bioclínico (https://www.lab-sl.com/en/) Almería, Spain",,,NSD11S-20220511
NSD11S-20220511-S08,Assimilable P,7.58,mg/kg,2022-05-11,"Laboratorio Analítico Bioclínico (https://www.lab-sl.com/en/) Almería, Spain",,,NSD11S-20220511
NSD11S-20220511-S09,Soil Organic Matter,2.38,???,2022-05-11,"Laboratorio Analítico Bioclínico (https://www.lab-sl.com/en/) Almería, Spain",,,NSD11S-20220511
NSD11S-20220511-S10,Ratio C:N,9.86,NA,2022-05-11,"Laboratorio Analítico Bioclínico (https://www.lab-sl.com/en/) Almería, Spain",,,NSD11S-20220511
NSD11S-20220511-S11,Sand,54.1,%,2022-05-11,"Laboratorio Analítico Bioclínico (https://www.lab-sl.com/en/) Almería, Spain",,,NSD11S-20220511
NSD11S-20220511-S12,Slime,19.4,%,2022-05-11,"Laboratorio Analítico Bioclínico (https://www.lab-sl.com/en/) Almería, Spain",,,NSD11S-20220511
NSD11S-20220511-S13,Clay,29.2,%,2022-05-11,"Laboratorio Analítico Bioclínico (https://www.lab-sl.com/en/) Almería, Spain",,,NSD11S-20220511
NSD11S-20220511-S14,Field capacity,24.72,%,2022-05-11,"Laboratorio Analítico Bioclínico (https://www.lab-sl.com/en/) Almería, Spain",,,NSD11S-20220511
NSD12S-20220511-S01,pH KCl,5.86,NA,2022-05-11,"Laboratorio Analítico Bioclínico (https://www.lab-sl.com/en/) Almería, Spain",,,NSD12S-20220511
NSD12S-20220511-S02,pH,6.6,NA,2022-05-11,"Laboratorio Analítico Bioclínico (https://www.lab-sl.com/en/) Almería, Spain",,,NSD12S-20220511
NSD12S-20220511-S03,Conductivity,189,microS/cm,2022-05-11,"Laboratorio Analítico Bioclínico (https://www.lab-sl.com/en/) Almería, Spain",,,NSD12S-20220511
NSD12S-20220511-S04,Sulphate,3,mg/L,2022-05-11,"Laboratorio Analítico Bioclínico (https://www.lab-sl.com/en/) Almería, Spain",,,NSD12S-20220511
NSD12S-20220511-S05,Bicarbonate,114,mg/L,2022-05-11,"Laboratorio Analítico Bioclínico (https://www.lab-sl.com/en/) Almería, Spain",,,NSD12S-20220511
NSD12S-20220511-S06,Total N,0.24,%,2022-05-11,"Laboratorio Analítico Bioclínico (https://www.lab-sl.com/en/) Almería, Spain",,,NSD12S-20220511
NSD12S-20220511-S07,Assimilable K,241.4,mg/kg,2022-05-11,"Laboratorio Analítico Bioclínico (https://www.lab-sl.com/en/) Almería, Spain",,,NSD12S-20220511
NSD12S-20220511-S08,Assimilable P,8.97,mg/kg,2022-05-11,"Laboratorio Analítico Bioclínico (https://www.lab-sl.com/en/) Almería, Spain",,,NSD12S-20220511
NSD12S-20220511-S09,Soil Organic Matter,9.97,???,2022-05-11,"Laboratorio Analítico Bioclínico (https://www.lab-sl.com/en/) Almería, Spain",,,NSD12S-20220511
NSD12S-20220511-S10,Ratio C:N,24.1,NA,2022-05-11,"Laboratorio Analítico Bioclínico (https://www.lab-sl.com/en/) Almería, Spain",,,NSD12S-20220511
NSD12S-20220511-S11,Sand,60.1,%,2022-05-11,"Laboratorio Analítico Bioclínico (https://www.lab-sl.com/en/) Almería, Spain",,,NSD12S-20220511
NSD12S-20220511-S12,Slime,15,%,2022-05-11,"Laboratorio Analítico Bioclínico (https://www.lab-sl.com/en/) Almería, Spain",,,NSD12S-20220511
NSD12S-20220511-S13,Clay,24.9,%,2022-05-11,"Laboratorio Analítico Bioclínico (https://www.lab-sl.com/en/) Almería, Spain",,,NSD12S-20220511
NSD12S-20220511-S14,Field capacity,35.72,%,2022-05-11,"Laboratorio Analítico Bioclínico (https://www.lab-sl.com/en/) Almería, Spain",,,NSD12S-20220511
NSH01S-20220511-S01,pH KCl,5.97,NA,2022-05-11,"Laboratorio Analítico Bioclínico (https://www.lab-sl.com/en/) Almería, Spain",,,NSH01S-20220511
NSH01S-20220511-S02,pH,6.5,NA,2022-05-11,"Laboratorio Analítico Bioclínico (https://www.lab-sl.com/en/) Almería, Spain",,,NSH01S-20220511
NSH01S-20220511-S03,Conductivity,105,microS/cm,2022-05-11,"Laboratorio Analítico Bioclínico (https://www.lab-sl.com/en/) Almería, Spain",,,NSH01S-20220511
NSH01S-20220511-S04,Sulphate,7,mg/L,2022-05-11,"Laboratorio Analítico Bioclínico (https://www.lab-sl.com/en/) Almería, Spain",,,NSH01S-20220511
NSH01S-20220511-S05,Bicarbonate,46,mg/L,2022-05-11,"Laboratorio Analítico Bioclínico (https://www.lab-sl.com/en/) Almería, Spain",,,NSH01S-20220511
NSH01S-20220511-S06,Total N,0.13,%,2022-05-11,"Laboratorio Analítico Bioclínico (https://www.lab-sl.com/en/) Almería, Spain",,,NSH01S-20220511
NSH01S-20220511-S07,Assimilable K,165.11,mg/kg,2022-05-11,"Laboratorio Analítico Bioclínico (https://www.lab-sl.com/en/) Almería, Spain",,,NSH01S-20220511
NSH01S-20220511-S08,Assimilable P,0.1,mg/kg,2022-05-11,"Laboratorio Analítico Bioclínico (https://www.lab-sl.com/en/) Almería, Spain",,,NSH01S-20220511
NSH01S-20220511-S09,Soil Organic Matter,3.25,???,2022-05-11,"Laboratorio Analítico Bioclínico (https://www.lab-sl.com/en/) Almería, Spain",,,NSH01S-20220511
NSH01S-20220511-S10,Ratio C:N,14.5,NA,2022-05-11,"Laboratorio Analítico Bioclínico (https://www.lab-sl.com/en/) Almería, Spain",,,NSH01S-20220511
NSH01S-20220511-S11,Sand,57.3,%,2022-05-11,"Laboratorio Analítico Bioclínico (https://www.lab-sl.com/en/) Almería, Spain",,,NSH01S-20220511
NSH01S-20220511-S12,Slime,9.5,%,2022-05-11,"Laboratorio Analítico Bioclínico (https://www.lab-sl.com/en/) Almería, Spain",,,NSH01S-20220511
NSH01S-20220511-S13,Clay,33.2,%,2022-05-11,"Laboratorio Analítico Bioclínico (https://www.lab-sl.com/en/) Almería, Spain",,,NSH01S-20220511
NSH01S-20220511-S14,Field capacity,22.84,%,2022-05-11,"Laboratorio Analítico Bioclínico (https://www.lab-sl.com/en/) Almería, Spain",,,NSH01S-20220511
NSH02S-20220511-S01,pH KCl,5.88,NA,2022-05-11,"Laboratorio Analítico Bioclínico (https://www.lab-sl.com/en/) Almería, Spain",,,NSH02S-20220511
NSH02S-20220511-S02,pH,6.8,NA,2022-05-11,"Laboratorio Analítico Bioclínico (https://www.lab-sl.com/en/) Almería, Spain",,,NSH02S-20220511
NSH02S-20220511-S03,Conductivity,287,microS/cm,2022-05-11,"Laboratorio Analítico Bioclínico (https://www.lab-sl.com/en/) Almería, Spain",,,NSH02S-20220511
NSH02S-20220511-S04,Sulphate,5,mg/L,2022-05-11,"Laboratorio Analítico Bioclínico (https://www.lab-sl.com/en/) Almería, Spain",,,NSH02S-20220511
NSH02S-20220511-S05,Bicarbonate,160,mg/L,2022-05-11,"Laboratorio Analítico Bioclínico (https://www.lab-sl.com/en/) Almería, Spain",,,NSH02S-20220511
NSH02S-20220511-S06,Total N,0.21,%,2022-05-11,"Laboratorio Analítico Bioclínico (https://www.lab-sl.com/en/) Almería, Spain",,,NSH02S-20220511
NSH02S-20220511-S07,Assimilable K,217.86,mg/kg,2022-05-11,"Laboratorio Analítico Bioclínico (https://www.lab-sl.com/en/) Almería, Spain",,,NSH02S-20220511
NSH02S-20220511-S08,Assimilable P,0.1,mg/kg,2022-05-11,"Laboratorio Analítico Bioclínico (https://www.lab-sl.com/en/) Almería, Spain",,,NSH02S-20220511
NSH02S-20220511-S09,Soil Organic Matter,5.12,???,2022-05-11,"Laboratorio Analítico Bioclínico (https://www.lab-sl.com/en/) Almería, Spain",,,NSH02S-20220511
NSH02S-20220511-S10,Ratio C:N,14.14,NA,2022-05-11,"Laboratorio Analítico Bioclínico (https://www.lab-sl.com/en/) Almería, Spain",,,NSH02S-20220511
NSH02S-20220511-S11,Sand,57.3,%,2022-05-11,"Laboratorio Analítico Bioclínico (https://www.lab-sl.com/en/) Almería, Spain",,,NSH02S-20220511
NSH02S-20220511-S12,Slime,9.5,%,2022-05-11,"Laboratorio Analítico Bioclínico (https://www.lab-sl.com/en/) Almería, Spain",,,NSH02S-20220511
NSH02S-20220511-S13,Clay,33.2,%,2022-05-11,"Laboratorio Analítico Bioclínico (https://www.lab-sl.com/en/) Almería, Spain",,,NSH02S-20220511
NSH02S-20220511-S14,Field capacity,29.96,%,2022-05-11,"Laboratorio Analítico Bioclínico (https://www.lab-sl.com/en/) Almería, Spain",,,NSH02S-20220511
NSH03S-20220511-S01,pH KCl,5.92,NA,2022-05-11,"Laboratorio Analítico Bioclínico (https://www.lab-sl.com/en/) Almería, Spain",,,NSH03S-20220511
NSH03S-20220511-S02,pH,6.8,NA,2022-05-11,"Laboratorio Analítico Bioclínico (https://www.lab-sl.com/en/) Almería, Spain",,,NSH03S-20220511
NSH03S-20220511-S03,Conductivity,249,microS/cm,2022-05-11,"Laboratorio Analítico Bioclínico (https://www.lab-sl.com/en/) Almería, Spain",,,NSH03S-20220511
NSH03S-20220511-S04,Sulphate,5,mg/L,2022-05-11,"Laboratorio Analítico Bioclínico (https://www.lab-sl.com/en/) Almería, Spain",,,NSH03S-20220511
NSH03S-20220511-S05,Bicarbonate,132,mg/L,2022-05-11,"Laboratorio Analítico Bioclínico (https://www.lab-sl.com/en/) Almería, Spain",,,NSH03S-20220511
NSH03S-20220511-S06,Total N,0.16,%,2022-05-11,"Laboratorio Analítico Bioclínico (https://www.lab-sl.com/en/) Almería, Spain",,,NSH03S-20220511
NSH03S-20220511-S07,Assimilable K,152.14,mg/kg,2022-05-11,"Laboratorio Analítico Bioclínico (https://www.lab-sl.com/en/) Almería, Spain",,,NSH03S-20220511
NSH03S-20220511-S08,Assimilable P,0.1,mg/kg,2022-05-11,"Laboratorio Analítico Bioclínico (https://www.lab-sl.com/en/) Almería, Spain",,,NSH03S-20220511
NSH03S-20220511-S09,Soil Organic Matter,4.05,???,2022-05-11,"Laboratorio Analítico Bioclínico (https://www.lab-sl.com/en/) Almería, Spain",,,NSH03S-20220511
NSH03S-20220511-S10,Ratio C:N,14.68,NA,2022-05-11,"Laboratorio Analítico Bioclínico (https://www.lab-sl.com/en/) Almería, Spain",,,NSH03S-20220511
NSH03S-20220511-S11,Sand,52.4,%,2022-05-11,"Laboratorio Analítico Bioclínico (https://www.lab-sl.com/en/) Almería, Spain",,,NSH03S-20220511
NSH03S-20220511-S12,Slime,14.3,%,2022-05-11,"Laboratorio Analítico Bioclínico (https://www.lab-sl.com/en/) Almería, Spain",,,NSH03S-20220511
NSH03S-20220511-S13,Clay,33.3,%,2022-05-11,"Laboratorio Analítico Bioclínico (https://www.lab-sl.com/en/) Almería, Spain",,,NSH03S-20220511
NSH03S-20220511-S14,Field capacity,29.78,%,2022-05-11,"Laboratorio Analítico Bioclínico (https://www.lab-sl.com/en/) Almería, Spain",,,NSH03S-20220511
NSH04S-20220511-S01,pH KCl,6.01,NA,2022-05-11,"Laboratorio Analítico Bioclínico (https://www.lab-sl.com/en/) Almería, Spain",,,NSH04S-20220511
NSH04S-20220511-S02,pH,6.8,NA,2022-05-11,"Laboratorio Analítico Bioclínico (https://www.lab-sl.com/en/) Almería, Spain",,,NSH04S-20220511
NSH04S-20220511-S03,Conductivity,251,microS/cm,2022-05-11,"Laboratorio Analítico Bioclínico (https://www.lab-sl.com/en/) Almería, Spain",,,NSH04S-20220511
NSH04S-20220511-S04,Sulphate,0,mg/L,2022-05-11,"Laboratorio Analítico Bioclínico (https://www.lab-sl.com/en/) Almería, Spain",,,NSH04S-20220511
NSH04S-20220511-S05,Bicarbonate,144,mg/L,2022-05-11,"Laboratorio Analítico Bioclínico (https://www.lab-sl.com/en/) Almería, Spain",,,NSH04S-20220511
NSH04S-20220511-S06,Total N,0.23,%,2022-05-11,"Laboratorio Analítico Bioclínico (https://www.lab-sl.com/en/) Almería, Spain",,,NSH04S-20220511
NSH04S-20220511-S07,Assimilable K,240.24,mg/kg,2022-05-11,"Laboratorio Analítico Bioclínico (https://www.lab-sl.com/en/) Almería, Spain",,,NSH04S-20220511
NSH04S-20220511-S08,Assimilable P,0.1,mg/kg,2022-05-11,"Laboratorio Analítico Bioclínico (https://www.lab-sl.com/en/) Almería, Spain",,,NSH04S-20220511
NSH04S-20220511-S09,Soil Organic Matter,5.59,???,2022-05-11,"Laboratorio Analítico Bioclínico (https://www.lab-sl.com/en/) Almería, Spain",,,NSH04S-20220511
NSH04S-20220511-S10,Ratio C:N,14.1,NA,2022-05-11,"Laboratorio Analítico Bioclínico (https://www.lab-sl.com/en/) Almería, Spain",,,NSH04S-20220511
NSH04S-20220511-S11,Sand,60.3,%,2022-05-11,"Laboratorio Analítico Bioclínico (https://www.lab-sl.com/en/) Almería, Spain",,,NSH04S-20220511
NSH04S-20220511-S12,Slime,10,%,2022-05-11,"Laboratorio Analítico Bioclínico (https://www.lab-sl.com/en/) Almería, Spain",,,NSH04S-20220511
NSH04S-20220511-S13,Clay,29.7,%,2022-05-11,"Laboratorio Analítico Bioclínico (https://www.lab-sl.com/en/) Almería, Spain",,,NSH04S-20220511
NSH04S-20220511-S14,Field capacity,32.12,%,2022-05-11,"Laboratorio Analítico Bioclínico (https://www.lab-sl.com/en/) Almería, Spain",,,NSH04S-20220511
NSH05S-20220511-S01,pH KCl,6.06,NA,2022-05-11,"Laboratorio Analítico Bioclínico (https://www.lab-sl.com/en/) Almería, Spain",,,NSH05S-20220511
NSH05S-20220511-S02,pH,6.8,NA,2022-05-11,"Laboratorio Analítico Bioclínico (https://www.lab-sl.com/en/) Almería, Spain",,,NSH05S-20220511
NSH05S-20220511-S03,Conductivity,270,microS/cm,2022-05-11,"Laboratorio Analítico Bioclínico (https://www.lab-sl.com/en/) Almería, Spain",,,NSH05S-20220511
NSH05S-20220511-S04,Sulphate,2.7,mg/L,2022-05-11,"Laboratorio Analítico Bioclínico (https://www.lab-sl.com/en/) Almería, Spain",,,NSH05S-20220511
NSH05S-20220511-S05,Bicarbonate,136,mg/L,2022-05-11,"Laboratorio Analítico Bioclínico (https://www.lab-sl.com/en/) Almería, Spain",,,NSH05S-20220511
NSH05S-20220511-S06,Total N,0.16,%,2022-05-11,"Laboratorio Analítico Bioclínico (https://www.lab-sl.com/en/) Almería, Spain",,,NSH05S-20220511
NSH05S-20220511-S07,Assimilable K,180.17,mg/kg,2022-05-11,"Laboratorio Analítico Bioclínico (https://www.lab-sl.com/en/) Almería, Spain",,,NSH05S-20220511
NSH05S-20220511-S08,Assimilable P,0.1,mg/kg,2022-05-11,"Laboratorio Analítico Bioclínico (https://www.lab-sl.com/en/) Almería, Spain",,,NSH05S-20220511
NSH05S-20220511-S09,Soil Organic Matter,4.46,???,2022-05-11,"Laboratorio Analítico Bioclínico (https://www.lab-sl.com/en/) Almería, Spain",,,NSH05S-20220511
NSH05S-20220511-S10,Ratio C:N,16.17,NA,2022-05-11,"Laboratorio Analítico Bioclínico (https://www.lab-sl.com/en/) Almería, Spain",,,NSH05S-20220511
NSH05S-20220511-S11,Sand,55.4,%,2022-05-11,"Laboratorio Analítico Bioclínico (https://www.lab-sl.com/en/) Almería, Spain",,,NSH05S-20220511
NSH05S-20220511-S12,Slime,9.9,%,2022-05-11,"Laboratorio Analítico Bioclínico (https://www.lab-sl.com/en/) Almería, Spain",,,NSH05S-20220511
NSH05S-20220511-S13,Clay,34.7,%,2022-05-11,"Laboratorio Analítico Bioclínico (https://www.lab-sl.com/en/) Almería, Spain",,,NSH05S-20220511
NSH05S-20220511-S14,Field capacity,27.55,%,2022-05-11,"Laboratorio Analítico Bioclínico (https://www.lab-sl.com/en/) Almería, Spain",,,NSH05S-20220511
NSH06S-20220511-S01,pH KCl,5.83,NA,2022-05-11,"Laboratorio Analítico Bioclínico (https://www.lab-sl.com/en/) Almería, Spain",,,NSH06S-20220511
NSH06S-20220511-S02,pH,6.8,NA,2022-05-11,"Laboratorio Analítico Bioclínico (https://www.lab-sl.com/en/) Almería, Spain",,,NSH06S-20220511
NSH06S-20220511-S03,Conductivity,375,microS/cm,2022-05-11,"Laboratorio Analítico Bioclínico (https://www.lab-sl.com/en/) Almería, Spain",,,NSH06S-20220511
NSH06S-20220511-S04,Sulphate,9,mg/L,2022-05-11,"Laboratorio Analítico Bioclínico (https://www.lab-sl.com/en/) Almería, Spain",,,NSH06S-20220511
NSH06S-20220511-S05,Bicarbonate,193,mg/L,2022-05-11,"Laboratorio Analítico Bioclínico (https://www.lab-sl.com/en/) Almería, Spain",,,NSH06S-20220511
NSH06S-20220511-S06,Total N,0.2,%,2022-05-11,"Laboratorio Analítico Bioclínico (https://www.lab-sl.com/en/) Almería, Spain",,,NSH06S-20220511
NSH06S-20220511-S07,Assimilable K,239.68,mg/kg,2022-05-11,"Laboratorio Analítico Bioclínico (https://www.lab-sl.com/en/) Almería, Spain",,,NSH06S-20220511
NSH06S-20220511-S08,Assimilable P,0.1,mg/kg,2022-05-11,"Laboratorio Analítico Bioclínico (https://www.lab-sl.com/en/) Almería, Spain",,,NSH06S-20220511
NSH06S-20220511-S09,Soil Organic Matter,6.91,???,2022-05-11,"Laboratorio Analítico Bioclínico (https://www.lab-sl.com/en/) Almería, Spain",,,NSH06S-20220511
NSH06S-20220511-S10,Ratio C:N,20.04,NA,2022-05-11,"Laboratorio Analítico Bioclínico (https://www.lab-sl.com/en/) Almería, Spain",,,NSH06S-20220511
NSH06S-20220511-S11,Sand,61,%,2022-05-11,"Laboratorio Analítico Bioclínico (https://www.lab-sl.com/en/) Almería, Spain",,,NSH06S-20220511
NSH06S-20220511-S12,Slime,9.7,%,2022-05-11,"Laboratorio Analítico Bioclínico (https://www.lab-sl.com/en/) Almería, Spain",,,NSH06S-20220511
NSH06S-20220511-S13,Clay,29.3,%,2022-05-11,"Laboratorio Analítico Bioclínico (https://www.lab-sl.com/en/) Almería, Spain",,,NSH06S-20220511
NSH06S-20220511-S14,Field capacity,33.1,%,2022-05-11,"Laboratorio Analítico Bioclínico (https://www.lab-sl.com/en/) Almería, Spain",,,NSH06S-20220511
NSH07S-20220511-S01,pH KCl,5.95,NA,2022-05-11,"Laboratorio Analítico Bioclínico (https://www.lab-sl.com/en/) Almería, Spain",,,NSH07S-20220511
NSH07S-20220511-S02,pH,6.9,NA,2022-05-11,"Laboratorio Analítico Bioclínico (https://www.lab-sl.com/en/) Almería, Spain",,,NSH07S-20220511
NSH07S-20220511-S03,Conductivity,202,microS/cm,2022-05-11,"Laboratorio Analítico Bioclínico (https://www.lab-sl.com/en/) Almería, Spain",,,NSH07S-20220511
NSH07S-20220511-S04,Sulphate,2.8,mg/L,2022-05-11,"Laboratorio Analítico Bioclínico (https://www.lab-sl.com/en/) Almería, Spain",,,NSH07S-20220511
NSH07S-20220511-S05,Bicarbonate,119,mg/L,2022-05-11,"Laboratorio Analítico Bioclínico (https://www.lab-sl.com/en/) Almería, Spain",,,NSH07S-20220511
NSH07S-20220511-S06,Total N,0.18,%,2022-05-11,"Laboratorio Analítico Bioclínico (https://www.lab-sl.com/en/) Almería, Spain",,,NSH07S-20220511
NSH07S-20220511-S07,Assimilable K,174.4,mg/kg,2022-05-11,"Laboratorio Analítico Bioclínico (https://www.lab-sl.com/en/) Almería, Spain",,,NSH07S-20220511
NSH07S-20220511-S08,Assimilable P,8.19,mg/kg,2022-05-11,"Laboratorio Analítico Bioclínico (https://www.lab-sl.com/en/) Almería, Spain",,,NSH07S-20220511
NSH07S-20220511-S09,Soil Organic Matter,5.1,???,2022-05-11,"Laboratorio Analítico Bioclínico (https://www.lab-sl.com/en/) Almería, Spain",,,NSH07S-20220511
NSH07S-20220511-S10,Ratio C:N,16.43,NA,2022-05-11,"Laboratorio Analítico Bioclínico (https://www.lab-sl.com/en/) Almería, Spain",,,NSH07S-20220511
NSH07S-20220511-S11,Sand,57.7,%,2022-05-11,"Laboratorio Analítico Bioclínico (https://www.lab-sl.com/en/) Almería, Spain",,,NSH07S-20220511
NSH07S-20220511-S12,Slime,14.1,%,2022-05-11,"Laboratorio Analítico Bioclínico (https://www.lab-sl.com/en/) Almería, Spain",,,NSH07S-20220511
NSH07S-20220511-S13,Clay,28.2,%,2022-05-11,"Laboratorio Analítico Bioclínico (https://www.lab-sl.com/en/) Almería, Spain",,,NSH07S-20220511
NSH07S-20220511-S14,Field capacity,25.5,%,2022-05-11,"Laboratorio Analítico Bioclínico (https://www.lab-sl.com/en/) Almería, Spain",,,NSH07S-20220511
NSH08S-20220511-S01,pH KCl,6.06,NA,2022-05-11,"Laboratorio Analítico Bioclínico (https://www.lab-sl.com/en/) Almería, Spain",,,NSH08S-20220511
NSH08S-20220511-S02,pH,6.4,NA,2022-05-11,"Laboratorio Analítico Bioclínico (https://www.lab-sl.com/en/) Almería, Spain",,,NSH08S-20220511
NSH08S-20220511-S03,Conductivity,121,microS/cm,2022-05-11,"Laboratorio Analítico Bioclínico (https://www.lab-sl.com/en/) Almería, Spain",,,NSH08S-20220511
NSH08S-20220511-S04,Sulphate,4,mg/L,2022-05-11,"Laboratorio Analítico Bioclínico (https://www.lab-sl.com/en/) Almería, Spain",,,NSH08S-20220511
NSH08S-20220511-S05,Bicarbonate,63,mg/L,2022-05-11,"Laboratorio Analítico Bioclínico (https://www.lab-sl.com/en/) Almería, Spain",,,NSH08S-20220511
NSH08S-20220511-S06,Total N,0.19,%,2022-05-11,"Laboratorio Analítico Bioclínico (https://www.lab-sl.com/en/) Almería, Spain",,,NSH08S-20220511
NSH08S-20220511-S07,Assimilable K,351,mg/kg,2022-05-11,"Laboratorio Analítico Bioclínico (https://www.lab-sl.com/en/) Almería, Spain",,,NSH08S-20220511
NSH08S-20220511-S08,Assimilable P,10.79,mg/kg,2022-05-11,"Laboratorio Analítico Bioclínico (https://www.lab-sl.com/en/) Almería, Spain",,,NSH08S-20220511
NSH08S-20220511-S09,Soil Organic Matter,5.71,???,2022-05-11,"Laboratorio Analítico Bioclínico (https://www.lab-sl.com/en/) Almería, Spain",,,NSH08S-20220511
NSH08S-20220511-S10,Ratio C:N,17.43,NA,2022-05-11,"Laboratorio Analítico Bioclínico (https://www.lab-sl.com/en/) Almería, Spain",,,NSH08S-20220511
NSH08S-20220511-S11,Sand,60,%,2022-05-11,"Laboratorio Analítico Bioclínico (https://www.lab-sl.com/en/) Almería, Spain",,,NSH08S-20220511
NSH08S-20220511-S12,Slime,15,%,2022-05-11,"Laboratorio Analítico Bioclínico (https://www.lab-sl.com/en/) Almería, Spain",,,NSH08S-20220511
NSH08S-20220511-S13,Clay,25,%,2022-05-11,"Laboratorio Analítico Bioclínico (https://www.lab-sl.com/en/) Almería, Spain",,,NSH08S-20220511
NSH08S-20220511-S14,Field capacity,33.06,%,2022-05-11,"Laboratorio Analítico Bioclínico (https://www.lab-sl.com/en/) Almería, Spain",,,NSH08S-20220511
NSH09S-20220511-S01,pH KCl,5.81,NA,2022-05-11,"Laboratorio Analítico Bioclínico (https://www.lab-sl.com/en/) Almería, Spain",,,NSH09S-20220511
NSH09S-20220511-S02,pH,6.3,NA,2022-05-11,"Laboratorio Analítico Bioclínico (https://www.lab-sl.com/en/) Almería, Spain",,,NSH09S-20220511
NSH09S-20220511-S03,Conductivity,115,microS/cm,2022-05-11,"Laboratorio Analítico Bioclínico (https://www.lab-sl.com/en/) Almería, Spain",,,NSH09S-20220511
NSH09S-20220511-S04,Sulphate,5,mg/L,2022-05-11,"Laboratorio Analítico Bioclínico (https://www.lab-sl.com/en/) Almería, Spain",,,NSH09S-20220511
NSH09S-20220511-S05,Bicarbonate,57,mg/L,2022-05-11,"Laboratorio Analítico Bioclínico (https://www.lab-sl.com/en/) Almería, Spain",,,NSH09S-20220511
NSH09S-20220511-S06,Total N,0.17,%,2022-05-11,"Laboratorio Analítico Bioclínico (https://www.lab-sl.com/en/) Almería, Spain",,,NSH09S-20220511
NSH09S-20220511-S07,Assimilable K,198.4,mg/kg,2022-05-11,"Laboratorio Analítico Bioclínico (https://www.lab-sl.com/en/) Almería, Spain",,,NSH09S-20220511
NSH09S-20220511-S08,Assimilable P,11.04,mg/kg,2022-05-11,"Laboratorio Analítico Bioclínico (https://www.lab-sl.com/en/) Almería, Spain",,,NSH09S-20220511
NSH09S-20220511-S09,Soil Organic Matter,5.62,???,2022-05-11,"Laboratorio Analítico Bioclínico (https://www.lab-sl.com/en/) Almería, Spain",,,NSH09S-20220511
NSH09S-20220511-S10,Ratio C:N,19.18,NA,2022-05-11,"Laboratorio Analítico Bioclínico (https://www.lab-sl.com/en/) Almería, Spain",,,NSH09S-20220511
NSH09S-20220511-S11,Sand,61.8,%,2022-05-11,"Laboratorio Analítico Bioclínico (https://www.lab-sl.com/en/) Almería, Spain",,,NSH09S-20220511
NSH09S-20220511-S12,Slime,14.3,%,2022-05-11,"Laboratorio Analítico Bioclínico (https://www.lab-sl.com/en/) Almería, Spain",,,NSH09S-20220511
NSH09S-20220511-S13,Clay,23.9,%,2022-05-11,"Laboratorio Analítico Bioclínico (https://www.lab-sl.com/en/) Almería, Spain",,,NSH09S-20220511
NSH09S-20220511-S14,Field capacity,30.79,%,2022-05-11,"Laboratorio Analítico Bioclínico (https://www.lab-sl.com/en/) Almería, Spain",,,NSH09S-20220511
NSH10S-20220511-S01,pH KCl,6.08,NA,2022-05-11,"Laboratorio Analítico Bioclínico (https://www.lab-sl.com/en/) Almería, Spain",,,NSH10S-20220511
NSH10S-20220511-S02,pH,6.7,NA,2022-05-11,"Laboratorio Analítico Bioclínico (https://www.lab-sl.com/en/) Almería, Spain",,,NSH10S-20220511
NSH10S-20220511-S03,Conductivity,84,microS/cm,2022-05-11,"Laboratorio Analítico Bioclínico (https://www.lab-sl.com/en/) Almería, Spain",,,NSH10S-20220511
NSH10S-20220511-S04,Sulphate,0,mg/L,2022-05-11,"Laboratorio Analítico Bioclínico (https://www.lab-sl.com/en/) Almería, Spain",,,NSH10S-20220511
NSH10S-20220511-S05,Bicarbonate,56,mg/L,2022-05-11,"Laboratorio Analítico Bioclínico (https://www.lab-sl.com/en/) Almería, Spain",,,NSH10S-20220511
NSH10S-20220511-S06,Total N,0.16,%,2022-05-11,"Laboratorio Analítico Bioclínico (https://www.lab-sl.com/en/) Almería, Spain",,,NSH10S-20220511
NSH10S-20220511-S07,Assimilable K,218,mg/kg,2022-05-11,"Laboratorio Analítico Bioclínico (https://www.lab-sl.com/en/) Almería, Spain",,,NSH10S-20220511
NSH10S-20220511-S08,Assimilable P,9.69,mg/kg,2022-05-11,"Laboratorio Analítico Bioclínico (https://www.lab-sl.com/en/) Almería, Spain",,,NSH10S-20220511
NSH10S-20220511-S09,Soil Organic Matter,4.08,???,2022-05-11,"Laboratorio Analítico Bioclínico (https://www.lab-sl.com/en/) Almería, Spain",,,NSH10S-20220511
NSH10S-20220511-S10,Ratio C:N,14.79,NA,2022-05-11,"Laboratorio Analítico Bioclínico (https://www.lab-sl.com/en/) Almería, Spain",,,NSH10S-20220511
NSH10S-20220511-S11,Sand,51.4,%,2022-05-11,"Laboratorio Analítico Bioclínico (https://www.lab-sl.com/en/) Almería, Spain",,,NSH10S-20220511
NSH10S-20220511-S12,Slime,19.4,%,2022-05-11,"Laboratorio Analítico Bioclínico (https://www.lab-sl.com/en/) Almería, Spain",,,NSH10S-20220511
NSH10S-20220511-S13,Clay,29.2,%,2022-05-11,"Laboratorio Analítico Bioclínico (https://www.lab-sl.com/en/) Almería, Spain",,,NSH10S-20220511
NSH10S-20220511-S14,Field capacity,22.86,%,2022-05-11,"Laboratorio Analítico Bioclínico (https://www.lab-sl.com/en/) Almería, Spain",,,NSH10S-20220511
NSH11S-20220511-S01,pH KCl,5.68,NA,2022-05-11,"Laboratorio Analítico Bioclínico (https://www.lab-sl.com/en/) Almería, Spain",,,NSH11S-20220511
NSH11S-20220511-S02,pH,6.2,NA,2022-05-11,"Laboratorio Analítico Bioclínico (https://www.lab-sl.com/en/) Almería, Spain",,,NSH11S-20220511
NSH11S-20220511-S03,Conductivity,86,microS/cm,2022-05-11,"Laboratorio Analítico Bioclínico (https://www.lab-sl.com/en/) Almería, Spain",,,NSH11S-20220511
NSH11S-20220511-S04,Sulphate,0,mg/L,2022-05-11,"Laboratorio Analítico Bioclínico (https://www.lab-sl.com/en/) Almería, Spain",,,NSH11S-20220511
NSH11S-20220511-S05,Bicarbonate,46,mg/L,2022-05-11,"Laboratorio Analítico Bioclínico (https://www.lab-sl.com/en/) Almería, Spain",,,NSH11S-20220511
NSH11S-20220511-S06,Total N,0.12,%,2022-05-11,"Laboratorio Analítico Bioclínico (https://www.lab-sl.com/en/) Almería, Spain",,,NSH11S-20220511
NSH11S-20220511-S07,Assimilable K,197.8,mg/kg,2022-05-11,"Laboratorio Analítico Bioclínico (https://www.lab-sl.com/en/) Almería, Spain",,,NSH11S-20220511
NSH11S-20220511-S08,Assimilable P,10.14,mg/kg,2022-05-11,"Laboratorio Analítico Bioclínico (https://www.lab-sl.com/en/) Almería, Spain",,,NSH11S-20220511
NSH11S-20220511-S09,Soil Organic Matter,3.51,???,2022-05-11,"Laboratorio Analítico Bioclínico (https://www.lab-sl.com/en/) Almería, Spain",,,NSH11S-20220511
NSH11S-20220511-S10,Ratio C:N,16.97,NA,2022-05-11,"Laboratorio Analítico Bioclínico (https://www.lab-sl.com/en/) Almería, Spain",,,NSH11S-20220511
NSH11S-20220511-S11,Sand,60.1,%,2022-05-11,"Laboratorio Analítico Bioclínico (https://www.lab-sl.com/en/) Almería, Spain",,,NSH11S-20220511
NSH11S-20220511-S12,Slime,17.7,%,2022-05-11,"Laboratorio Analítico Bioclínico (https://www.lab-sl.com/en/) Almería, Spain",,,NSH11S-20220511
NSH11S-20220511-S13,Clay,22.2,%,2022-05-11,"Laboratorio Analítico Bioclínico (https://www.lab-sl.com/en/) Almería, Spain",,,NSH11S-20220511
NSH11S-20220511-S14,Field capacity,17.95,%,2022-05-11,"Laboratorio Analítico Bioclínico (https://www.lab-sl.com/en/) Almería, Spain",,,NSH11S-20220511
NSH12S-20220511-S01,pH KCl,5.87,NA,2022-05-11,"Laboratorio Analítico Bioclínico (https://www.lab-sl.com/en/) Almería, Spain",,,NSH12S-20220511
NSH12S-20220511-S02,pH,6.4,NA,2022-05-11,"Laboratorio Analítico Bioclínico (https://www.lab-sl.com/en/) Almería, Spain",,,NSH12S-20220511
NSH12S-20220511-S03,Conductivity,77,microS/cm,2022-05-11,"Laboratorio Analítico Bioclínico (https://www.lab-sl.com/en/) Almería, Spain",,,NSH12S-20220511
NSH12S-20220511-S04,Sulphate,2.7,mg/L,2022-05-11,"Laboratorio Analítico Bioclínico (https://www.lab-sl.com/en/) Almería, Spain",,,NSH12S-20220511
NSH12S-20220511-S05,Bicarbonate,32,mg/L,2022-05-11,"Laboratorio Analítico Bioclínico (https://www.lab-sl.com/en/) Almería, Spain",,,NSH12S-20220511
NSH12S-20220511-S06,Total N,0.14,%,2022-05-11,"Laboratorio Analítico Bioclínico (https://www.lab-sl.com/en/) Almería, Spain",,,NSH12S-20220511
NSH12S-20220511-S07,Assimilable K,186.4,mg/kg,2022-05-11,"Laboratorio Analítico Bioclínico (https://www.lab-sl.com/en/) Almería, Spain",,,NSH12S-20220511
NSH12S-20220511-S08,Assimilable P,10.62,mg/kg,2022-05-11,"Laboratorio Analítico Bioclínico (https://www.lab-sl.com/en/) Almería, Spain",,,NSH12S-20220511
NSH12S-20220511-S09,Soil Organic Matter,3.96,???,2022-05-11,"Laboratorio Analítico Bioclínico (https://www.lab-sl.com/en/) Almería, Spain",,,NSH12S-20220511
NSH12S-20220511-S10,Ratio C:N,16.41,NA,2022-05-11,"Laboratorio Analítico Bioclínico (https://www.lab-sl.com/en/) Almería, Spain",,,NSH12S-20220511
NSH12S-20220511-S11,Sand,60.9,%,2022-05-11,"Laboratorio Analítico Bioclínico (https://www.lab-sl.com/en/) Almería, Spain",,,NSH12S-20220511
NSH12S-20220511-S12,Slime,17.4,%,2022-05-11,"Laboratorio Analítico Bioclínico (https://www.lab-sl.com/en/) Almería, Spain",,,NSH12S-20220511
NSH12S-20220511-S13,Clay,21.7,%,2022-05-11,"Laboratorio Analítico Bioclínico (https://www.lab-sl.com/en/) Almería, Spain",,,NSH12S-20220511
NSH12S-20220511-S14,Field capacity,23.02,%,2022-05-11,"Laboratorio Analítico Bioclínico (https://www.lab-sl.com/en/) Almería, Spain",,,NSH12S-20220511
ASH01S-20220420-S01,pH KCl,5.72,NA,2022-04-20,"Laboratorio Analítico Bioclínico (https://www.lab-sl.com/en/) Almería, Spain",,,ASH01S-20220420
ASH01S-20220420-S02,pH,6.4,NA,2022-04-20,"Laboratorio Analítico Bioclínico (https://www.lab-sl.com/en/) Almería, Spain",,,ASH01S-20220420
ASH01S-20220420-S03,Conductivity,76,microS/cm,2022-04-20,"Laboratorio Analítico Bioclínico (https://www.lab-sl.com/en/) Almería, Spain",,,ASH01S-20220420
ASH01S-20220420-S04,Sulphate,5,mg/L,2022-04-20,"Laboratorio Analítico Bioclínico (https://www.lab-sl.com/en/) Almería, Spain",,,ASH01S-20220420
ASH01S-20220420-S05,Bicarbonate,22,mg/L,2022-04-20,"Laboratorio Analítico Bioclínico (https://www.lab-sl.com/en/) Almería, Spain",,,ASH01S-20220420
ASH01S-20220420-S06,Total N,0.09,%,2022-04-20,"Laboratorio Analítico Bioclínico (https://www.lab-sl.com/en/) Almería, Spain",,,ASH01S-20220420
ASH01S-20220420-S07,Assimilable K,285.56,mg/kg,2022-04-20,"Laboratorio Analítico Bioclínico (https://www.lab-sl.com/en/) Almería, Spain",,,ASH01S-20220420
ASH01S-20220420-S08,Assimilable P,4.81,mg/kg,2022-04-20,"Laboratorio Analítico Bioclínico (https://www.lab-sl.com/en/) Almería, Spain",,,ASH01S-20220420
ASH01S-20220420-S09,Soil Organic Matter,2.88,???,2022-04-20,"Laboratorio Analítico Bioclínico (https://www.lab-sl.com/en/) Almería, Spain",,,ASH01S-20220420
ASH01S-20220420-S10,Ratio C:N,18.56,NA,2022-04-20,"Laboratorio Analítico Bioclínico (https://www.lab-sl.com/en/) Almería, Spain",,,ASH01S-20220420
ASH01S-20220420-S11,Sand,59.1,%,2022-04-20,"Laboratorio Analítico Bioclínico (https://www.lab-sl.com/en/) Almería, Spain",,,ASH01S-20220420
ASH01S-20220420-S12,Slime,18.2,%,2022-04-20,"Laboratorio Analítico Bioclínico (https://www.lab-sl.com/en/) Almería, Spain",,,ASH01S-20220420
ASH01S-20220420-S13,Clay,22.7,%,2022-04-20,"Laboratorio Analítico Bioclínico (https://www.lab-sl.com/en/) Almería, Spain",,,ASH01S-20220420
ASH01S-20220420-S14,Field capacity,26.86,%,2022-04-20,"Laboratorio Analítico Bioclínico (https://www.lab-sl.com/en/) Almería, Spain",,,ASH01S-20220420
ASH02S-20220420-S01,pH KCl,5.42,NA,2022-04-20,"Laboratorio Analítico Bioclínico (https://www.lab-sl.com/en/) Almería, Spain",,,ASH02S-20220420
ASH02S-20220420-S02,pH,6.6,NA,2022-04-20,"Laboratorio Analítico Bioclínico (https://www.lab-sl.com/en/) Almería, Spain",,,ASH02S-20220420
ASH02S-20220420-S03,Conductivity,214,microS/cm,2022-04-20,"Laboratorio Analítico Bioclínico (https://www.lab-sl.com/en/) Almería, Spain",,,ASH02S-20220420
ASH02S-20220420-S04,Sulphate,6,mg/L,2022-04-20,"Laboratorio Analítico Bioclínico (https://www.lab-sl.com/en/) Almería, Spain",,,ASH02S-20220420
ASH02S-20220420-S05,Bicarbonate,32,mg/L,2022-04-20,"Laboratorio Analítico Bioclínico (https://www.lab-sl.com/en/) Almería, Spain",,,ASH02S-20220420
ASH02S-20220420-S06,Total N,0.23,%,2022-04-20,"Laboratorio Analítico Bioclínico (https://www.lab-sl.com/en/) Almería, Spain",,,ASH02S-20220420
ASH02S-20220420-S07,Assimilable K,432.16,mg/kg,2022-04-20,"Laboratorio Analítico Bioclínico (https://www.lab-sl.com/en/) Almería, Spain",,,ASH02S-20220420
ASH02S-20220420-S08,Assimilable P,13.98,mg/kg,2022-04-20,"Laboratorio Analítico Bioclínico (https://www.lab-sl.com/en/) Almería, Spain",,,ASH02S-20220420
ASH02S-20220420-S09,Soil Organic Matter,6.91,???,2022-04-20,"Laboratorio Analítico Bioclínico (https://www.lab-sl.com/en/) Almería, Spain",,,ASH02S-20220420
ASH02S-20220420-S10,Ratio C:N,17.43,NA,2022-04-20,"Laboratorio Analítico Bioclínico (https://www.lab-sl.com/en/) Almería, Spain",,,ASH02S-20220420
ASH02S-20220420-S11,Sand,65.2,%,2022-04-20,"Laboratorio Analítico Bioclínico (https://www.lab-sl.com/en/) Almería, Spain",,,ASH02S-20220420
ASH02S-20220420-S12,Slime,13.1,%,2022-04-20,"Laboratorio Analítico Bioclínico (https://www.lab-sl.com/en/) Almería, Spain",,,ASH02S-20220420
ASH02S-20220420-S13,Clay,21.7,%,2022-04-20,"Laboratorio Analítico Bioclínico (https://www.lab-sl.com/en/) Almería, Spain",,,ASH02S-20220420
ASH02S-20220420-S14,Field capacity,38.74,%,2022-04-20,"Laboratorio Analítico Bioclínico (https://www.lab-sl.com/en/) Almería, Spain",,,ASH02S-20220420
ASH03S-20220420-S01,pH KCl,4.92,NA,2022-04-20,"Laboratorio Analítico Bioclínico (https://www.lab-sl.com/en/) Almería, Spain",,,ASH03S-20220420
ASH03S-20220420-S02,pH,6,NA,2022-04-20,"Laboratorio Analítico Bioclínico (https://www.lab-sl.com/en/) Almería, Spain",,,ASH03S-20220420
ASH03S-20220420-S03,Conductivity,121,microS/cm,2022-04-20,"Laboratorio Analítico Bioclínico (https://www.lab-sl.com/en/) Almería, Spain",,,ASH03S-20220420
ASH03S-20220420-S04,Sulphate,8,mg/L,2022-04-20,"Laboratorio Analítico Bioclínico (https://www.lab-sl.com/en/) Almería, Spain",,,ASH03S-20220420
ASH03S-20220420-S05,Bicarbonate,22,mg/L,2022-04-20,"Laboratorio Analítico Bioclínico (https://www.lab-sl.com/en/) Almería, Spain",,,ASH03S-20220420
ASH03S-20220420-S06,Total N,0.31,%,2022-04-20,"Laboratorio Analítico Bioclínico (https://www.lab-sl.com/en/) Almería, Spain",,,ASH03S-20220420
ASH03S-20220420-S07,Assimilable K,397.8,mg/kg,2022-04-20,"Laboratorio Analítico Bioclínico (https://www.lab-sl.com/en/) Almería, Spain",,,ASH03S-20220420
ASH03S-20220420-S08,Assimilable P,0,mg/kg,2022-04-20,"Laboratorio Analítico Bioclínico (https://www.lab-sl.com/en/) Almería, Spain",,,ASH03S-20220420
ASH03S-20220420-S09,Soil Organic Matter,8.98,???,2022-04-20,"Laboratorio Analítico Bioclínico (https://www.lab-sl.com/en/) Almería, Spain",,,ASH03S-20220420
ASH03S-20220420-S10,Ratio C:N,16.8,NA,2022-04-20,"Laboratorio Analítico Bioclínico (https://www.lab-sl.com/en/) Almería, Spain",,,ASH03S-20220420
ASH03S-20220420-S11,Sand,62.1,%,2022-04-20,"Laboratorio Analítico Bioclínico (https://www.lab-sl.com/en/) Almería, Spain",,,ASH03S-20220420
ASH03S-20220420-S12,Slime,14.2,%,2022-04-20,"Laboratorio Analítico Bioclínico (https://www.lab-sl.com/en/) Almería, Spain",,,ASH03S-20220420
ASH03S-20220420-S13,Clay,23.7,%,2022-04-20,"Laboratorio Analítico Bioclínico (https://www.lab-sl.com/en/) Almería, Spain",,,ASH03S-20220420
ASH03S-20220420-S14,Field capacity,44.42,%,2022-04-20,"Laboratorio Analítico Bioclínico (https://www.lab-sl.com/en/) Almería, Spain",,,ASH03S-20220420
ASH04S-20220420-S01,pH KCl,4.99,NA,2022-04-20,"Laboratorio Analítico Bioclínico (https://www.lab-sl.com/en/) Almería, Spain",,,ASH04S-20220420
ASH04S-20220420-S02,pH,6,NA,2022-04-20,"Laboratorio Analítico Bioclínico (https://www.lab-sl.com/en/) Almería, Spain",,,ASH04S-20220420
ASH04S-20220420-S03,Conductivity,182,microS/cm,2022-04-20,"Laboratorio Analítico Bioclínico (https://www.lab-sl.com/en/) Almería, Spain",,,ASH04S-20220420
ASH04S-20220420-S04,Sulphate,7,mg/L,2022-04-20,"Laboratorio Analítico Bioclínico (https://www.lab-sl.com/en/) Almería, Spain",,,ASH04S-20220420
ASH04S-20220420-S05,Bicarbonate,27,mg/L,2022-04-20,"Laboratorio Analítico Bioclínico (https://www.lab-sl.com/en/) Almería, Spain",,,ASH04S-20220420
ASH04S-20220420-S06,Total N,0.34,%,2022-04-20,"Laboratorio Analítico Bioclínico (https://www.lab-sl.com/en/) Almería, Spain",,,ASH04S-20220420
ASH04S-20220420-S07,Assimilable K,260,mg/kg,2022-04-20,"Laboratorio Analítico Bioclínico (https://www.lab-sl.com/en/) Almería, Spain",,,ASH04S-20220420
ASH04S-20220420-S08,Assimilable P,10.2,mg/kg,2022-04-20,"Laboratorio Analítico Bioclínico (https://www.lab-sl.com/en/) Almería, Spain",,,ASH04S-20220420
ASH04S-20220420-S09,Soil Organic Matter,11.28,???,2022-04-20,"Laboratorio Analítico Bioclínico (https://www.lab-sl.com/en/) Almería, Spain",,,ASH04S-20220420
ASH04S-20220420-S10,Ratio C:N,19.24,NA,2022-04-20,"Laboratorio Analítico Bioclínico (https://www.lab-sl.com/en/) Almería, Spain",,,ASH04S-20220420
ASH04S-20220420-S11,Sand,68,%,2022-04-20,"Laboratorio Analítico Bioclínico (https://www.lab-sl.com/en/) Almería, Spain",,,ASH04S-20220420
ASH04S-20220420-S12,Slime,9.1,%,2022-04-20,"Laboratorio Analítico Bioclínico (https://www.lab-sl.com/en/) Almería, Spain",,,ASH04S-20220420
ASH04S-20220420-S13,Clay,22.9,%,2022-04-20,"Laboratorio Analítico Bioclínico (https://www.lab-sl.com/en/) Almería, Spain",,,ASH04S-20220420
ASH04S-20220420-S14,Field capacity,50.91,%,2022-04-20,"Laboratorio Analítico Bioclínico (https://www.lab-sl.com/en/) Almería, Spain",,,ASH04S-20220420
ASH05S-20220420-S01,pH KCl,4.75,NA,2022-04-20,"Laboratorio Analítico Bioclínico (https://www.lab-sl.com/en/) Almería, Spain",,,ASH05S-20220420
ASH05S-20220420-S02,pH,5.9,NA,2022-04-20,"Laboratorio Analítico Bioclínico (https://www.lab-sl.com/en/) Almería, Spain",,,ASH05S-20220420
ASH05S-20220420-S03,Conductivity,240,microS/cm,2022-04-20,"Laboratorio Analítico Bioclínico (https://www.lab-sl.com/en/) Almería, Spain",,,ASH05S-20220420
ASH05S-20220420-S04,Sulphate,26,mg/L,2022-04-20,"Laboratorio Analítico Bioclínico (https://www.lab-sl.com/en/) Almería, Spain",,,ASH05S-20220420
ASH05S-20220420-S05,Bicarbonate,26,mg/L,2022-04-20,"Laboratorio Analítico Bioclínico (https://www.lab-sl.com/en/) Almería, Spain",,,ASH05S-20220420
ASH05S-20220420-S06,Total N,0.39,%,2022-04-20,"Laboratorio Analítico Bioclínico (https://www.lab-sl.com/en/) Almería, Spain",,,ASH05S-20220420
ASH05S-20220420-S07,Assimilable K,258.08,mg/kg,2022-04-20,"Laboratorio Analítico Bioclínico (https://www.lab-sl.com/en/) Almería, Spain",,,ASH05S-20220420
ASH05S-20220420-S08,Assimilable P,9.69,mg/kg,2022-04-20,"Laboratorio Analítico Bioclínico (https://www.lab-sl.com/en/) Almería, Spain",,,ASH05S-20220420
ASH05S-20220420-S09,Soil Organic Matter,9.09,???,2022-04-20,"Laboratorio Analítico Bioclínico (https://www.lab-sl.com/en/) Almería, Spain",,,ASH05S-20220420
ASH05S-20220420-S10,Ratio C:N,13.52,NA,2022-04-20,"Laboratorio Analítico Bioclínico (https://www.lab-sl.com/en/) Almería, Spain",,,ASH05S-20220420
ASH05S-20220420-S11,Sand,66.7,%,2022-04-20,"Laboratorio Analítico Bioclínico (https://www.lab-sl.com/en/) Almería, Spain",,,ASH05S-20220420
ASH05S-20220420-S12,Slime,9.5,%,2022-04-20,"Laboratorio Analítico Bioclínico (https://www.lab-sl.com/en/) Almería, Spain",,,ASH05S-20220420
ASH05S-20220420-S13,Clay,23.8,%,2022-04-20,"Laboratorio Analítico Bioclínico (https://www.lab-sl.com/en/) Almería, Spain",,,ASH05S-20220420
ASH05S-20220420-S14,Field capacity,46.9,%,2022-04-20,"Laboratorio Analítico Bioclínico (https://www.lab-sl.com/en/) Almería, Spain",,,ASH05S-20220420
ASH06S-20220420-S01,pH KCl,5.85,NA,2022-04-20,"Laboratorio Analítico Bioclínico (https://www.lab-sl.com/en/) Almería, Spain",,,ASH06S-20220420
ASH06S-20220420-S02,pH,6.8,NA,2022-04-20,"Laboratorio Analítico Bioclínico (https://www.lab-sl.com/en/) Almería, Spain",,,ASH06S-20220420
ASH06S-20220420-S03,Conductivity,246,microS/cm,2022-04-20,"Laboratorio Analítico Bioclínico (https://www.lab-sl.com/en/) Almería, Spain",,,ASH06S-20220420
ASH06S-20220420-S04,Sulphate,4,mg/L,2022-04-20,"Laboratorio Analítico Bioclínico (https://www.lab-sl.com/en/) Almería, Spain",,,ASH06S-20220420
ASH06S-20220420-S05,Bicarbonate,127,mg/L,2022-04-20,"Laboratorio Analítico Bioclínico (https://www.lab-sl.com/en/) Almería, Spain",,,ASH06S-20220420
ASH06S-20220420-S06,Total N,0.12,%,2022-04-20,"Laboratorio Analítico Bioclínico (https://www.lab-sl.com/en/) Almería, Spain",,,ASH06S-20220420
ASH06S-20220420-S07,Assimilable K,416.46,mg/kg,2022-04-20,"Laboratorio Analítico Bioclínico (https://www.lab-sl.com/en/) Almería, Spain",,,ASH06S-20220420
ASH06S-20220420-S08,Assimilable P,0,mg/kg,2022-04-20,"Laboratorio Analítico Bioclínico (https://www.lab-sl.com/en/) Almería, Spain",,,ASH06S-20220420
ASH06S-20220420-S09,Soil Organic Matter,3.92,???,2022-04-20,"Laboratorio Analítico Bioclínico (https://www.lab-sl.com/en/) Almería, Spain",,,ASH06S-20220420
ASH06S-20220420-S10,Ratio C:N,18.95,NA,2022-04-20,"Laboratorio Analítico Bioclínico (https://www.lab-sl.com/en/) Almería, Spain",,,ASH06S-20220420
ASH06S-20220420-S11,Sand,62.1,%,2022-04-20,"Laboratorio Analítico Bioclínico (https://www.lab-sl.com/en/) Almería, Spain",,,ASH06S-20220420
ASH06S-20220420-S12,Slime,12.7,%,2022-04-20,"Laboratorio Analítico Bioclínico (https://www.lab-sl.com/en/) Almería, Spain",,,ASH06S-20220420
ASH06S-20220420-S13,Clay,25.2,%,2022-04-20,"Laboratorio Analítico Bioclínico (https://www.lab-sl.com/en/) Almería, Spain",,,ASH06S-20220420
ASH06S-20220420-S14,Field capacity,33.88,%,2022-04-20,"Laboratorio Analítico Bioclínico (https://www.lab-sl.com/en/) Almería, Spain",,,ASH06S-20220420
ASH07S-20220420-S01,pH KCl,5.09,NA,2022-04-20,"Laboratorio Analítico Bioclínico (https://www.lab-sl.com/en/) Almería, Spain",,,ASH07S-20220420
ASH07S-20220420-S02,pH,6.5,NA,2022-04-20,"Laboratorio Analítico Bioclínico (https://www.lab-sl.com/en/) Almería, Spain",,,ASH07S-20220420
ASH07S-20220420-S03,Conductivity,188,microS/cm,2022-04-20,"Laboratorio Analítico Bioclínico (https://www.lab-sl.com/en/) Almería, Spain",,,ASH07S-20220420
ASH07S-20220420-S04,Sulphate,0,mg/L,2022-04-20,"Laboratorio Analítico Bioclínico (https://www.lab-sl.com/en/) Almería, Spain",,,ASH07S-20220420
ASH07S-20220420-S05,Bicarbonate,93,mg/L,2022-04-20,"Laboratorio Analítico Bioclínico (https://www.lab-sl.com/en/) Almería, Spain",,,ASH07S-20220420
ASH07S-20220420-S06,Total N,0.21,%,2022-04-20,"Laboratorio Analítico Bioclínico (https://www.lab-sl.com/en/) Almería, Spain",,,ASH07S-20220420
ASH07S-20220420-S07,Assimilable K,299.32,mg/kg,2022-04-20,"Laboratorio Analítico Bioclínico (https://www.lab-sl.com/en/) Almería, Spain",,,ASH07S-20220420
ASH07S-20220420-S08,Assimilable P,0,mg/kg,2022-04-20,"Laboratorio Analítico Bioclínico (https://www.lab-sl.com/en/) Almería, Spain",,,ASH07S-20220420
ASH07S-20220420-S09,Soil Organic Matter,10.27,???,2022-04-20,"Laboratorio Analítico Bioclínico (https://www.lab-sl.com/en/) Almería, Spain",,,ASH07S-20220420
ASH07S-20220420-S10,Ratio C:N,28.37,NA,2022-04-20,"Laboratorio Analítico Bioclínico (https://www.lab-sl.com/en/) Almería, Spain",,,ASH07S-20220420
ASH07S-20220420-S11,Sand,69.6,%,2022-04-20,"Laboratorio Analítico Bioclínico (https://www.lab-sl.com/en/) Almería, Spain",,,ASH07S-20220420
ASH07S-20220420-S12,Slime,8.7,%,2022-04-20,"Laboratorio Analítico Bioclínico (https://www.lab-sl.com/en/) Almería, Spain",,,ASH07S-20220420
ASH07S-20220420-S13,Clay,21.7,%,2022-04-20,"Laboratorio Analítico Bioclínico (https://www.lab-sl.com/en/) Almería, Spain",,,ASH07S-20220420
ASH07S-20220420-S14,Field capacity,53.03,%,2022-04-20,"Laboratorio Analítico Bioclínico (https://www.lab-sl.com/en/) Almería, Spain",,,ASH07S-20220420
ASH08S-20220420-S01,pH KCl,5.16,NA,2022-04-20,"Laboratorio Analítico Bioclínico (https://www.lab-sl.com/en/) Almería, Spain",,,ASH08S-20220420
ASH08S-20220420-S02,pH,6.2,NA,2022-04-20,"Laboratorio Analítico Bioclínico (https://www.lab-sl.com/en/) Almería, Spain",,,ASH08S-20220420
ASH08S-20220420-S03,Conductivity,85,microS/cm,2022-04-20,"Laboratorio Analítico Bioclínico (https://www.lab-sl.com/en/) Almería, Spain",,,ASH08S-20220420
ASH08S-20220420-S04,Sulphate,4,mg/L,2022-04-20,"Laboratorio Analítico Bioclínico (https://www.lab-sl.com/en/) Almería, Spain",,,ASH08S-20220420
ASH08S-20220420-S05,Bicarbonate,32,mg/L,2022-04-20,"Laboratorio Analítico Bioclínico (https://www.lab-sl.com/en/) Almería, Spain",,,ASH08S-20220420
ASH08S-20220420-S06,Total N,0.24,%,2022-04-20,"Laboratorio Analítico Bioclínico (https://www.lab-sl.com/en/) Almería, Spain",,,ASH08S-20220420
ASH08S-20220420-S07,Assimilable K,310.34,mg/kg,2022-04-20,"Laboratorio Analítico Bioclínico (https://www.lab-sl.com/en/) Almería, Spain",,,ASH08S-20220420
ASH08S-20220420-S08,Assimilable P,21.06,mg/kg,2022-04-20,"Laboratorio Analítico Bioclínico (https://www.lab-sl.com/en/) Almería, Spain",,,ASH08S-20220420
ASH08S-20220420-S09,Soil Organic Matter,9.17,???,2022-04-20,"Laboratorio Analítico Bioclínico (https://www.lab-sl.com/en/) Almería, Spain",,,ASH08S-20220420
ASH08S-20220420-S10,Ratio C:N,22.16,NA,2022-04-20,"Laboratorio Analítico Bioclínico (https://www.lab-sl.com/en/) Almería, Spain",,,ASH08S-20220420
ASH08S-20220420-S11,Sand,64.8,%,2022-04-20,"Laboratorio Analítico Bioclínico (https://www.lab-sl.com/en/) Almería, Spain",,,ASH08S-20220420
ASH08S-20220420-S12,Slime,17.6,%,2022-04-20,"Laboratorio Analítico Bioclínico (https://www.lab-sl.com/en/) Almería, Spain",,,ASH08S-20220420
ASH08S-20220420-S13,Clay,17.6,%,2022-04-20,"Laboratorio Analítico Bioclínico (https://www.lab-sl.com/en/) Almería, Spain",,,ASH08S-20220420
ASH08S-20220420-S14,Field capacity,38.89,%,2022-04-20,"Laboratorio Analítico Bioclínico (https://www.lab-sl.com/en/) Almería, Spain",,,ASH08S-20220420
ASH09S-20220420-S01,pH KCl,5.34,NA,2022-04-20,"Laboratorio Analítico Bioclínico (https://www.lab-sl.com/en/) Almería, Spain",,,ASH09S-20220420
ASH09S-20220420-S02,pH,6.6,NA,2022-04-20,"Laboratorio Analítico Bioclínico (https://www.lab-sl.com/en/) Almería, Spain",,,ASH09S-20220420
ASH09S-20220420-S03,Conductivity,93,microS/cm,2022-04-20,"Laboratorio Analítico Bioclínico (https://www.lab-sl.com/en/) Almería, Spain",,,ASH09S-20220420
ASH09S-20220420-S04,Sulphate,0,mg/L,2022-04-20,"Laboratorio Analítico Bioclínico (https://www.lab-sl.com/en/) Almería, Spain",,,ASH09S-20220420
ASH09S-20220420-S05,Bicarbonate,51,mg/L,2022-04-20,"Laboratorio Analítico Bioclínico (https://www.lab-sl.com/en/) Almería, Spain",,,ASH09S-20220420
ASH09S-20220420-S06,Total N,0.12,%,2022-04-20,"Laboratorio Analítico Bioclínico (https://www.lab-sl.com/en/) Almería, Spain",,,ASH09S-20220420
ASH09S-20220420-S07,Assimilable K,380.94,mg/kg,2022-04-20,"Laboratorio Analítico Bioclínico (https://www.lab-sl.com/en/) Almería, Spain",,,ASH09S-20220420
ASH09S-20220420-S08,Assimilable P,0,mg/kg,2022-04-20,"Laboratorio Analítico Bioclínico (https://www.lab-sl.com/en/) Almería, Spain",,,ASH09S-20220420
ASH09S-20220420-S09,Soil Organic Matter,3.98,???,2022-04-20,"Laboratorio Analítico Bioclínico (https://www.lab-sl.com/en/) Almería, Spain",,,ASH09S-20220420
ASH09S-20220420-S10,Ratio C:N,19.24,NA,2022-04-20,"Laboratorio Analítico Bioclínico (https://www.lab-sl.com/en/) Almería, Spain",,,ASH09S-20220420
ASH09S-20220420-S11,Sand,50.6,%,2022-04-20,"Laboratorio Analítico Bioclínico (https://www.lab-sl.com/en/) Almería, Spain",,,ASH09S-20220420
ASH09S-20220420-S12,Slime,24.7,%,2022-04-20,"Laboratorio Analítico Bioclínico (https://www.lab-sl.com/en/) Almería, Spain",,,ASH09S-20220420
ASH09S-20220420-S13,Clay,24.7,%,2022-04-20,"Laboratorio Analítico Bioclínico (https://www.lab-sl.com/en/) Almería, Spain",,,ASH09S-20220420
ASH09S-20220420-S14,Field capacity,28.96,%,2022-04-20,"Laboratorio Analítico Bioclínico (https://www.lab-sl.com/en/) Almería, Spain",,,ASH09S-20220420
ASH10S-20220420-S01,pH KCl,5.26,NA,2022-04-20,"Laboratorio Analítico Bioclínico (https://www.lab-sl.com/en/) Almería, Spain",,,ASH10S-20220420
ASH10S-20220420-S02,pH,6.6,NA,2022-04-20,"Laboratorio Analítico Bioclínico (https://www.lab-sl.com/en/) Almería, Spain",,,ASH10S-20220420
ASH10S-20220420-S03,Conductivity,233,microS/cm,2022-04-20,"Laboratorio Analítico Bioclínico (https://www.lab-sl.com/en/) Almería, Spain",,,ASH10S-20220420
ASH10S-20220420-S04,Sulphate,5,mg/L,2022-04-20,"Laboratorio Analítico Bioclínico (https://www.lab-sl.com/en/) Almería, Spain",,,ASH10S-20220420
ASH10S-20220420-S05,Bicarbonate,122,mg/L,2022-04-20,"Laboratorio Analítico Bioclínico (https://www.lab-sl.com/en/) Almería, Spain",,,ASH10S-20220420
ASH10S-20220420-S06,Total N,0.22,%,2022-04-20,"Laboratorio Analítico Bioclínico (https://www.lab-sl.com/en/) Almería, Spain",,,ASH10S-20220420
ASH10S-20220420-S07,Assimilable K,363.32,mg/kg,2022-04-20,"Laboratorio Analítico Bioclínico (https://www.lab-sl.com/en/) Almería, Spain",,,ASH10S-20220420
ASH10S-20220420-S08,Assimilable P,11.48,mg/kg,2022-04-20,"Laboratorio Analítico Bioclínico (https://www.lab-sl.com/en/) Almería, Spain",,,ASH10S-20220420
ASH10S-20220420-S09,Soil Organic Matter,9.45,???,2022-04-20,"Laboratorio Analítico Bioclínico (https://www.lab-sl.com/en/) Almería, Spain",,,ASH10S-20220420
ASH10S-20220420-S10,Ratio C:N,24.92,NA,2022-04-20,"Laboratorio Analítico Bioclínico (https://www.lab-sl.com/en/) Almería, Spain",,,ASH10S-20220420
ASH10S-20220420-S11,Sand,55.9,%,2022-04-20,"Laboratorio Analítico Bioclínico (https://www.lab-sl.com/en/) Almería, Spain",,,ASH10S-20220420
ASH10S-20220420-S12,Slime,19.6,%,2022-04-20,"Laboratorio Analítico Bioclínico (https://www.lab-sl.com/en/) Almería, Spain",,,ASH10S-20220420
ASH10S-20220420-S13,Clay,24.5,%,2022-04-20,"Laboratorio Analítico Bioclínico (https://www.lab-sl.com/en/) Almería, Spain",,,ASH10S-20220420
ASH10S-20220420-S14,Field capacity,44.11,%,2022-04-20,"Laboratorio Analítico Bioclínico (https://www.lab-sl.com/en/) Almería, Spain",,,ASH10S-20220420
ASH11S-20220420-S01,pH KCl,5.81,NA,2022-04-20,"Laboratorio Analítico Bioclínico (https://www.lab-sl.com/en/) Almería, Spain",,,ASH11S-20220420
ASH11S-20220420-S02,pH,6.7,NA,2022-04-20,"Laboratorio Analítico Bioclínico (https://www.lab-sl.com/en/) Almería, Spain",,,ASH11S-20220420
ASH11S-20220420-S03,Conductivity,272,microS/cm,2022-04-20,"Laboratorio Analítico Bioclínico (https://www.lab-sl.com/en/) Almería, Spain",,,ASH11S-20220420
ASH11S-20220420-S04,Sulphate,3.3,mg/L,2022-04-20,"Laboratorio Analítico Bioclínico (https://www.lab-sl.com/en/) Almería, Spain",,,ASH11S-20220420
ASH11S-20220420-S05,Bicarbonate,143,mg/L,2022-04-20,"Laboratorio Analítico Bioclínico (https://www.lab-sl.com/en/) Almería, Spain",,,ASH11S-20220420
ASH11S-20220420-S06,Total N,0.14,%,2022-04-20,"Laboratorio Analítico Bioclínico (https://www.lab-sl.com/en/) Almería, Spain",,,ASH11S-20220420
ASH11S-20220420-S07,Assimilable K,429.44,mg/kg,2022-04-20,"Laboratorio Analítico Bioclínico (https://www.lab-sl.com/en/) Almería, Spain",,,ASH11S-20220420
ASH11S-20220420-S08,Assimilable P,0,mg/kg,2022-04-20,"Laboratorio Analítico Bioclínico (https://www.lab-sl.com/en/) Almería, Spain",,,ASH11S-20220420
ASH11S-20220420-S09,Soil Organic Matter,4.88,???,2022-04-20,"Laboratorio Analítico Bioclínico (https://www.lab-sl.com/en/) Almería, Spain",,,ASH11S-20220420
ASH11S-20220420-S10,Ratio C:N,20.22,NA,2022-04-20,"Laboratorio Analítico Bioclínico (https://www.lab-sl.com/en/) Almería, Spain",,,ASH11S-20220420
ASH11S-20220420-S11,Sand,66.3,%,2022-04-20,"Laboratorio Analítico Bioclínico (https://www.lab-sl.com/en/) Almería, Spain",,,ASH11S-20220420
ASH11S-20220420-S12,Slime,9.6,%,2022-04-20,"Laboratorio Analítico Bioclínico (https://www.lab-sl.com/en/) Almería, Spain",,,ASH11S-20220420
ASH11S-20220420-S13,Clay,24.1,%,2022-04-20,"Laboratorio Analítico Bioclínico (https://www.lab-sl.com/en/) Almería, Spain",,,ASH11S-20220420
ASH11S-20220420-S14,Field capacity,30.27,%,2022-04-20,"Laboratorio Analítico Bioclínico (https://www.lab-sl.com/en/) Almería, Spain",,,ASH11S-20220420
ASH12S-20220420-S01,pH KCl,5.37,NA,2022-04-20,"Laboratorio Analítico Bioclínico (https://www.lab-sl.com/en/) Almería, Spain",,,ASH12S-20220420
ASH12S-20220420-S02,pH,5.8,NA,2022-04-20,"Laboratorio Analítico Bioclínico (https://www.lab-sl.com/en/) Almería, Spain",,,ASH12S-20220420
ASH12S-20220420-S03,Conductivity,192,microS/cm,2022-04-20,"Laboratorio Analítico Bioclínico (https://www.lab-sl.com/en/) Almería, Spain",,,ASH12S-20220420
ASH12S-20220420-S04,Sulphate,5,mg/L,2022-04-20,"Laboratorio Analítico Bioclínico (https://www.lab-sl.com/en/) Almería, Spain",,,ASH12S-20220420
ASH12S-20220420-S05,Bicarbonate,33,mg/L,2022-04-20,"Laboratorio Analítico Bioclínico (https://www.lab-sl.com/en/) Almería, Spain",,,ASH12S-20220420
ASH12S-20220420-S06,Total N,0.31,%,2022-04-20,"Laboratorio Analítico Bioclínico (https://www.lab-sl.com/en/) Almería, Spain",,,ASH12S-20220420
ASH12S-20220420-S07,Assimilable K,267.48,mg/kg,2022-04-20,"Laboratorio Analítico Bioclínico (https://www.lab-sl.com/en/) Almería, Spain",,,ASH12S-20220420
ASH12S-20220420-S08,Assimilable P,7.65,mg/kg,2022-04-20,"Laboratorio Analítico Bioclínico (https://www.lab-sl.com/en/) Almería, Spain",,,ASH12S-20220420
ASH12S-20220420-S09,Soil Organic Matter,12,???,2022-04-20,"Laboratorio Analítico Bioclínico (https://www.lab-sl.com/en/) Almería, Spain",,,ASH12S-20220420
ASH12S-20220420-S10,Ratio C:N,22.45,NA,2022-04-20,"Laboratorio Analítico Bioclínico (https://www.lab-sl.com/en/) Almería, Spain",,,ASH12S-20220420
ASH12S-20220420-S11,Sand,51.2,%,2022-04-20,"Laboratorio Analítico Bioclínico (https://www.lab-sl.com/en/) Almería, Spain",,,ASH12S-20220420
ASH12S-20220420-S12,Slime,29.3,%,2022-04-20,"Laboratorio Analítico Bioclínico (https://www.lab-sl.com/en/) Almería, Spain",,,ASH12S-20220420
ASH12S-20220420-S13,Clay,19.5,%,2022-04-20,"Laboratorio Analítico Bioclínico (https://www.lab-sl.com/en/) Almería, Spain",,,ASH12S-20220420
ASH12S-20220420-S14,Field capacity,50.3,%,2022-04-20,"Laboratorio Analítico Bioclínico (https://www.lab-sl.com/en/) Almería, Spain",,,ASH12S-20220420
BSD01S-20220427-S01,pH KCl,6.19,NA,2022-04-27,"Laboratorio Analítico Bioclínico (https://www.lab-sl.com/en/) Almería, Spain",,,BSD01S-20220427
BSD01S-20220427-S02,pH,6.8,NA,2022-04-27,"Laboratorio Analítico Bioclínico (https://www.lab-sl.com/en/) Almería, Spain",,,BSD01S-20220427
BSD01S-20220427-S03,Conductivity,84,microS/cm,2022-04-27,"Laboratorio Analítico Bioclínico (https://www.lab-sl.com/en/) Almería, Spain",,,BSD01S-20220427
BSD01S-20220427-S04,Sulphate,4,mg/L,2022-04-27,"Laboratorio Analítico Bioclínico (https://www.lab-sl.com/en/) Almería, Spain",,,BSD01S-20220427
BSD01S-20220427-S05,Bicarbonate,46,mg/L,2022-04-27,"Laboratorio Analítico Bioclínico (https://www.lab-sl.com/en/) Almería, Spain",,,BSD01S-20220427
BSD01S-20220427-S06,Total N,0.05,%,2022-04-27,"Laboratorio Analítico Bioclínico (https://www.lab-sl.com/en/) Almería, Spain",,,BSD01S-20220427
BSD01S-20220427-S07,Assimilable K,136.2,mg/kg,2022-04-27,"Laboratorio Analítico Bioclínico (https://www.lab-sl.com/en/) Almería, Spain",,,BSD01S-20220427
BSD01S-20220427-S08,Assimilable P,13.12,mg/kg,2022-04-27,"Laboratorio Analítico Bioclínico (https://www.lab-sl.com/en/) Almería, Spain",,,BSD01S-20220427
BSD01S-20220427-S09,Soil Organic Matter,0.82,???,2022-04-27,"Laboratorio Analítico Bioclínico (https://www.lab-sl.com/en/) Almería, Spain",,,BSD01S-20220427
BSD01S-20220427-S10,Ratio C:N,9.51,NA,2022-04-27,"Laboratorio Analítico Bioclínico (https://www.lab-sl.com/en/) Almería, Spain",,,BSD01S-20220427
BSD01S-20220427-S11,Sand,70.2,%,2022-04-27,"Laboratorio Analítico Bioclínico (https://www.lab-sl.com/en/) Almería, Spain",,,BSD01S-20220427
BSD01S-20220427-S12,Slime,9.9,%,2022-04-27,"Laboratorio Analítico Bioclínico (https://www.lab-sl.com/en/) Almería, Spain",,,BSD01S-20220427
BSD01S-20220427-S13,Clay,19.9,%,2022-04-27,"Laboratorio Analítico Bioclínico (https://www.lab-sl.com/en/) Almería, Spain",,,BSD01S-20220427
BSD01S-20220427-S14,Field capacity,20.05,%,2022-04-27,"Laboratorio Analítico Bioclínico (https://www.lab-sl.com/en/) Almería, Spain",,,BSD01S-20220427
BSD02S-20220427-S01,pH KCl,6.24,NA,2022-04-27,"Laboratorio Analítico Bioclínico (https://www.lab-sl.com/en/) Almería, Spain",,,BSD02S-20220427
BSD02S-20220427-S02,pH,6.7,NA,2022-04-27,"Laboratorio Analítico Bioclínico (https://www.lab-sl.com/en/) Almería, Spain",,,BSD02S-20220427
BSD02S-20220427-S03,Conductivity,133,microS/cm,2022-04-27,"Laboratorio Analítico Bioclínico (https://www.lab-sl.com/en/) Almería, Spain",,,BSD02S-20220427
BSD02S-20220427-S04,Sulphate,4,mg/L,2022-04-27,"Laboratorio Analítico Bioclínico (https://www.lab-sl.com/en/) Almería, Spain",,,BSD02S-20220427
BSD02S-20220427-S05,Bicarbonate,68,mg/L,2022-04-27,"Laboratorio Analítico Bioclínico (https://www.lab-sl.com/en/) Almería, Spain",,,BSD02S-20220427
BSD02S-20220427-S06,Total N,0.05,%,2022-04-27,"Laboratorio Analítico Bioclínico (https://www.lab-sl.com/en/) Almería, Spain",,,BSD02S-20220427
BSD02S-20220427-S07,Assimilable K,150.8,mg/kg,2022-04-27,"Laboratorio Analítico Bioclínico (https://www.lab-sl.com/en/) Almería, Spain",,,BSD02S-20220427
BSD02S-20220427-S08,Assimilable P,9.06,mg/kg,2022-04-27,"Laboratorio Analítico Bioclínico (https://www.lab-sl.com/en/) Almería, Spain",,,BSD02S-20220427
BSD02S-20220427-S09,Soil Organic Matter,1.01,???,2022-04-27,"Laboratorio Analítico Bioclínico (https://www.lab-sl.com/en/) Almería, Spain",,,BSD02S-20220427
BSD02S-20220427-S10,Ratio C:N,11.72,NA,2022-04-27,"Laboratorio Analítico Bioclínico (https://www.lab-sl.com/en/) Almería, Spain",,,BSD02S-20220427
BSD02S-20220427-S11,Sand,71.3,%,2022-04-27,"Laboratorio Analítico Bioclínico (https://www.lab-sl.com/en/) Almería, Spain",,,BSD02S-20220427
BSD02S-20220427-S12,Slime,4.8,%,2022-04-27,"Laboratorio Analítico Bioclínico (https://www.lab-sl.com/en/) Almería, Spain",,,BSD02S-20220427
BSD02S-20220427-S13,Clay,23.9,%,2022-04-27,"Laboratorio Analítico Bioclínico (https://www.lab-sl.com/en/) Almería, Spain",,,BSD02S-20220427
BSD02S-20220427-S14,Field capacity,20.46,%,2022-04-27,"Laboratorio Analítico Bioclínico (https://www.lab-sl.com/en/) Almería, Spain",,,BSD02S-20220427
BSD03S-20220427-S01,pH KCl,6.79,NA,2022-04-27,"Laboratorio Analítico Bioclínico (https://www.lab-sl.com/en/) Almería, Spain",,,BSD03S-20220427
BSD03S-20220427-S02,pH,6.5,NA,2022-04-27,"Laboratorio Analítico Bioclínico (https://www.lab-sl.com/en/) Almería, Spain",,,BSD03S-20220427
BSD03S-20220427-S03,Conductivity,117,microS/cm,2022-04-27,"Laboratorio Analítico Bioclínico (https://www.lab-sl.com/en/) Almería, Spain",,,BSD03S-20220427
BSD03S-20220427-S04,Sulphate,2.7,mg/L,2022-04-27,"Laboratorio Analítico Bioclínico (https://www.lab-sl.com/en/) Almería, Spain",,,BSD03S-20220427
BSD03S-20220427-S05,Bicarbonate,55,mg/L,2022-04-27,"Laboratorio Analítico Bioclínico (https://www.lab-sl.com/en/) Almería, Spain",,,BSD03S-20220427
BSD03S-20220427-S06,Total N,0.08,%,2022-04-27,"Laboratorio Analítico Bioclínico (https://www.lab-sl.com/en/) Almería, Spain",,,BSD03S-20220427
BSD03S-20220427-S07,Assimilable K,168.8,mg/kg,2022-04-27,"Laboratorio Analítico Bioclínico (https://www.lab-sl.com/en/) Almería, Spain",,,BSD03S-20220427
BSD03S-20220427-S08,Assimilable P,14.77,mg/kg,2022-04-27,"Laboratorio Analítico Bioclínico (https://www.lab-sl.com/en/) Almería, Spain",,,BSD03S-20220427
BSD03S-20220427-S09,Soil Organic Matter,2.49,???,2022-04-27,"Laboratorio Analítico Bioclínico (https://www.lab-sl.com/en/) Almería, Spain",,,BSD03S-20220427
BSD03S-20220427-S10,Ratio C:N,18.05,NA,2022-04-27,"Laboratorio Analítico Bioclínico (https://www.lab-sl.com/en/) Almería, Spain",,,BSD03S-20220427
BSD03S-20220427-S11,Sand,69.6,%,2022-04-27,"Laboratorio Analítico Bioclínico (https://www.lab-sl.com/en/) Almería, Spain",,,BSD03S-20220427
BSD03S-20220427-S12,Slime,8.7,%,2022-04-27,"Laboratorio Analítico Bioclínico (https://www.lab-sl.com/en/) Almería, Spain",,,BSD03S-20220427
BSD03S-20220427-S13,Clay,21.7,%,2022-04-27,"Laboratorio Analítico Bioclínico (https://www.lab-sl.com/en/) Almería, Spain",,,BSD03S-20220427
BSD03S-20220427-S14,Field capacity,26.49,%,2022-04-27,"Laboratorio Analítico Bioclínico (https://www.lab-sl.com/en/) Almería, Spain",,,BSD03S-20220427
BSD04S-20220427-S01,pH KCl,6.48,NA,2022-04-27,"Laboratorio Analítico Bioclínico (https://www.lab-sl.com/en/) Almería, Spain",,,BSD04S-20220427
BSD04S-20220427-S02,pH,7,NA,2022-04-27,"Laboratorio Analítico Bioclínico (https://www.lab-sl.com/en/) Almería, Spain",,,BSD04S-20220427
BSD04S-20220427-S03,Conductivity,146,microS/cm,2022-04-27,"Laboratorio Analítico Bioclínico (https://www.lab-sl.com/en/) Almería, Spain",,,BSD04S-20220427
BSD04S-20220427-S04,Sulphate,3,mg/L,2022-04-27,"Laboratorio Analítico Bioclínico (https://www.lab-sl.com/en/) Almería, Spain",,,BSD04S-20220427
BSD04S-20220427-S05,Bicarbonate,78,mg/L,2022-04-27,"Laboratorio Analítico Bioclínico (https://www.lab-sl.com/en/) Almería, Spain",,,BSD04S-20220427
BSD04S-20220427-S06,Total N,0.05,%,2022-04-27,"Laboratorio Analítico Bioclínico (https://www.lab-sl.com/en/) Almería, Spain",,,BSD04S-20220427
BSD04S-20220427-S07,Assimilable K,168.2,mg/kg,2022-04-27,"Laboratorio Analítico Bioclínico (https://www.lab-sl.com/en/) Almería, Spain",,,BSD04S-20220427
BSD04S-20220427-S08,Assimilable P,9.31,mg/kg,2022-04-27,"Laboratorio Analítico Bioclínico (https://www.lab-sl.com/en/) Almería, Spain",,,BSD04S-20220427
BSD04S-20220427-S09,Soil Organic Matter,1.27,???,2022-04-27,"Laboratorio Analítico Bioclínico (https://www.lab-sl.com/en/) Almería, Spain",,,BSD04S-20220427
BSD04S-20220427-S10,Ratio C:N,14.73,NA,2022-04-27,"Laboratorio Analítico Bioclínico (https://www.lab-sl.com/en/) Almería, Spain",,,BSD04S-20220427
BSD04S-20220427-S11,Sand,67.1,%,2022-04-27,"Laboratorio Analítico Bioclínico (https://www.lab-sl.com/en/) Almería, Spain",,,BSD04S-20220427
BSD04S-20220427-S12,Slime,8.2,%,2022-04-27,"Laboratorio Analítico Bioclínico (https://www.lab-sl.com/en/) Almería, Spain",,,BSD04S-20220427
BSD04S-20220427-S13,Clay,24.7,%,2022-04-27,"Laboratorio Analítico Bioclínico (https://www.lab-sl.com/en/) Almería, Spain",,,BSD04S-20220427
BSD04S-20220427-S14,Field capacity,21.71,%,2022-04-27,"Laboratorio Analítico Bioclínico (https://www.lab-sl.com/en/) Almería, Spain",,,BSD04S-20220427
BSD05S-20220427-S01,pH KCl,6.28,NA,2022-04-27,"Laboratorio Analítico Bioclínico (https://www.lab-sl.com/en/) Almería, Spain",,,BSD05S-20220427
BSD05S-20220427-S02,pH,6.9,NA,2022-04-27,"Laboratorio Analítico Bioclínico (https://www.lab-sl.com/en/) Almería, Spain",,,BSD05S-20220427
BSD05S-20220427-S03,Conductivity,97,microS/cm,2022-04-27,"Laboratorio Analítico Bioclínico (https://www.lab-sl.com/en/) Almería, Spain",,,BSD05S-20220427
BSD05S-20220427-S04,Sulphate,0,mg/L,2022-04-27,"Laboratorio Analítico Bioclínico (https://www.lab-sl.com/en/) Almería, Spain",,,BSD05S-20220427
BSD05S-20220427-S05,Bicarbonate,56,mg/L,2022-04-27,"Laboratorio Analítico Bioclínico (https://www.lab-sl.com/en/) Almería, Spain",,,BSD05S-20220427
BSD05S-20220427-S06,Total N,0.07,%,2022-04-27,"Laboratorio Analítico Bioclínico (https://www.lab-sl.com/en/) Almería, Spain",,,BSD05S-20220427
BSD05S-20220427-S07,Assimilable K,91.2,mg/kg,2022-04-27,"Laboratorio Analítico Bioclínico (https://www.lab-sl.com/en/) Almería, Spain",,,BSD05S-20220427
BSD05S-20220427-S08,Assimilable P,4.87,mg/kg,2022-04-27,"Laboratorio Analítico Bioclínico (https://www.lab-sl.com/en/) Almería, Spain",,,BSD05S-20220427
BSD05S-20220427-S09,Soil Organic Matter,1.52,???,2022-04-27,"Laboratorio Analítico Bioclínico (https://www.lab-sl.com/en/) Almería, Spain",,,BSD05S-20220427
BSD05S-20220427-S10,Ratio C:N,12.6,NA,2022-04-27,"Laboratorio Analítico Bioclínico (https://www.lab-sl.com/en/) Almería, Spain",,,BSD05S-20220427
BSD05S-20220427-S11,Sand,67.5,%,2022-04-27,"Laboratorio Analítico Bioclínico (https://www.lab-sl.com/en/) Almería, Spain",,,BSD05S-20220427
BSD05S-20220427-S12,Slime,8.2,%,2022-04-27,"Laboratorio Analítico Bioclínico (https://www.lab-sl.com/en/) Almería, Spain",,,BSD05S-20220427
BSD05S-20220427-S13,Clay,24.3,%,2022-04-27,"Laboratorio Analítico Bioclínico (https://www.lab-sl.com/en/) Almería, Spain",,,BSD05S-20220427
BSD05S-20220427-S14,Field capacity,21.25,%,2022-04-27,"Laboratorio Analítico Bioclínico (https://www.lab-sl.com/en/) Almería, Spain",,,BSD05S-20220427
BSD06S-20220427-S01,pH KCl,6.1,NA,2022-04-27,"Laboratorio Analítico Bioclínico (https://www.lab-sl.com/en/) Almería, Spain",,,BSD06S-20220427
BSD06S-20220427-S02,pH,6.8,NA,2022-04-27,"Laboratorio Analítico Bioclínico (https://www.lab-sl.com/en/) Almería, Spain",,,BSD06S-20220427
BSD06S-20220427-S03,Conductivity,117,microS/cm,2022-04-27,"Laboratorio Analítico Bioclínico (https://www.lab-sl.com/en/) Almería, Spain",,,BSD06S-20220427
BSD06S-20220427-S04,Sulphate,6,mg/L,2022-04-27,"Laboratorio Analítico Bioclínico (https://www.lab-sl.com/en/) Almería, Spain",,,BSD06S-20220427
BSD06S-20220427-S05,Bicarbonate,62,mg/L,2022-04-27,"Laboratorio Analítico Bioclínico (https://www.lab-sl.com/en/) Almería, Spain",,,BSD06S-20220427
BSD06S-20220427-S06,Total N,0.05,%,2022-04-27,"Laboratorio Analítico Bioclínico (https://www.lab-sl.com/en/) Almería, Spain",,,BSD06S-20220427
BSD06S-20220427-S07,Assimilable K,155.8,mg/kg,2022-04-27,"Laboratorio Analítico Bioclínico (https://www.lab-sl.com/en/) Almería, Spain",,,BSD06S-20220427
BSD06S-20220427-S08,Assimilable P,8.43,mg/kg,2022-04-27,"Laboratorio Analítico Bioclínico (https://www.lab-sl.com/en/) Almería, Spain",,,BSD06S-20220427
BSD06S-20220427-S09,Soil Organic Matter,1.24,???,2022-04-27,"Laboratorio Analítico Bioclínico (https://www.lab-sl.com/en/) Almería, Spain",,,BSD06S-20220427
BSD06S-20220427-S10,Ratio C:N,14.39,NA,2022-04-27,"Laboratorio Analítico Bioclínico (https://www.lab-sl.com/en/) Almería, Spain",,,BSD06S-20220427
BSD06S-20220427-S11,Sand,67.8,%,2022-04-27,"Laboratorio Analítico Bioclínico (https://www.lab-sl.com/en/) Almería, Spain",,,BSD06S-20220427
BSD06S-20220427-S12,Slime,12.1,%,2022-04-27,"Laboratorio Analítico Bioclínico (https://www.lab-sl.com/en/) Almería, Spain",,,BSD06S-20220427
BSD06S-20220427-S13,Clay,20.1,%,2022-04-27,"Laboratorio Analítico Bioclínico (https://www.lab-sl.com/en/) Almería, Spain",,,BSD06S-20220427
BSD06S-20220427-S14,Field capacity,22.04,%,2022-04-27,"Laboratorio Analítico Bioclínico (https://www.lab-sl.com/en/) Almería, Spain",,,BSD06S-20220427
BSD07S-20220427-S01,pH KCl,5.49,NA,2022-04-27,"Laboratorio Analítico Bioclínico (https://www.lab-sl.com/en/) Almería, Spain",,,BSD07S-20220427
BSD07S-20220427-S02,pH,6.2,NA,2022-04-27,"Laboratorio Analítico Bioclínico (https://www.lab-sl.com/en/) Almería, Spain",,,BSD07S-20220427
BSD07S-20220427-S03,Conductivity,165,microS/cm,2022-04-27,"Laboratorio Analítico Bioclínico (https://www.lab-sl.com/en/) Almería, Spain",,,BSD07S-20220427
BSD07S-20220427-S04,Sulphate,5,mg/L,2022-04-27,"Laboratorio Analítico Bioclínico (https://www.lab-sl.com/en/) Almería, Spain",,,BSD07S-20220427
BSD07S-20220427-S05,Bicarbonate,55,mg/L,2022-04-27,"Laboratorio Analítico Bioclínico (https://www.lab-sl.com/en/) Almería, Spain",,,BSD07S-20220427
BSD07S-20220427-S06,Total N,0.08,%,2022-04-27,"Laboratorio Analítico Bioclínico (https://www.lab-sl.com/en/) Almería, Spain",,,BSD07S-20220427
BSD07S-20220427-S07,Assimilable K,121.76,mg/kg,2022-04-27,"Laboratorio Analítico Bioclínico (https://www.lab-sl.com/en/) Almería, Spain",,,BSD07S-20220427
BSD07S-20220427-S08,Assimilable P,10.57,mg/kg,2022-04-27,"Laboratorio Analítico Bioclínico (https://www.lab-sl.com/en/) Almería, Spain",,,BSD07S-20220427
BSD07S-20220427-S09,Soil Organic Matter,2.63,???,2022-04-27,"Laboratorio Analítico Bioclínico (https://www.lab-sl.com/en/) Almería, Spain",,,BSD07S-20220427
BSD07S-20220427-S10,Ratio C:N,19.07,NA,2022-04-27,"Laboratorio Analítico Bioclínico (https://www.lab-sl.com/en/) Almería, Spain",,,BSD07S-20220427
BSD07S-20220427-S11,Sand,74.5,%,2022-04-27,"Laboratorio Analítico Bioclínico (https://www.lab-sl.com/en/) Almería, Spain",,,BSD07S-20220427
BSD07S-20220427-S12,Slime,8.5,%,2022-04-27,"Laboratorio Analítico Bioclínico (https://www.lab-sl.com/en/) Almería, Spain",,,BSD07S-20220427
BSD07S-20220427-S13,Clay,17,%,2022-04-27,"Laboratorio Analítico Bioclínico (https://www.lab-sl.com/en/) Almería, Spain",,,BSD07S-20220427
BSD07S-20220427-S14,Field capacity,23.29,%,2022-04-27,"Laboratorio Analítico Bioclínico (https://www.lab-sl.com/en/) Almería, Spain",,,BSD07S-20220427
BSD08S-20220427-S01,pH KCl,5.94,NA,2022-04-27,"Laboratorio Analítico Bioclínico (https://www.lab-sl.com/en/) Almería, Spain",,,BSD08S-20220427
BSD08S-20220427-S02,pH,6.7,NA,2022-04-27,"Laboratorio Analítico Bioclínico (https://www.lab-sl.com/en/) Almería, Spain",,,BSD08S-20220427
BSD08S-20220427-S03,Conductivity,124,microS/cm,2022-04-27,"Laboratorio Analítico Bioclínico (https://www.lab-sl.com/en/) Almería, Spain",,,BSD08S-20220427
BSD08S-20220427-S04,Sulphate,7,mg/L,2022-04-27,"Laboratorio Analítico Bioclínico (https://www.lab-sl.com/en/) Almería, Spain",,,BSD08S-20220427
BSD08S-20220427-S05,Bicarbonate,54,mg/L,2022-04-27,"Laboratorio Analítico Bioclínico (https://www.lab-sl.com/en/) Almería, Spain",,,BSD08S-20220427
BSD08S-20220427-S06,Total N,0.04,%,2022-04-27,"Laboratorio Analítico Bioclínico (https://www.lab-sl.com/en/) Almería, Spain",,,BSD08S-20220427
BSD08S-20220427-S07,Assimilable K,264.2,mg/kg,2022-04-27,"Laboratorio Analítico Bioclínico (https://www.lab-sl.com/en/) Almería, Spain",,,BSD08S-20220427
BSD08S-20220427-S08,Assimilable P,14.56,mg/kg,2022-04-27,"Laboratorio Analítico Bioclínico (https://www.lab-sl.com/en/) Almería, Spain",,,BSD08S-20220427
BSD08S-20220427-S09,Soil Organic Matter,1.03,???,2022-04-27,"Laboratorio Analítico Bioclínico (https://www.lab-sl.com/en/) Almería, Spain",,,BSD08S-20220427
BSD08S-20220427-S10,Ratio C:N,14.94,NA,2022-04-27,"Laboratorio Analítico Bioclínico (https://www.lab-sl.com/en/) Almería, Spain",,,BSD08S-20220427
BSD08S-20220427-S11,Sand,77.2,%,2022-04-27,"Laboratorio Analítico Bioclínico (https://www.lab-sl.com/en/) Almería, Spain",,,BSD08S-20220427
BSD08S-20220427-S12,Slime,4.5,%,2022-04-27,"Laboratorio Analítico Bioclínico (https://www.lab-sl.com/en/) Almería, Spain",,,BSD08S-20220427
BSD08S-20220427-S13,Clay,18.3,%,2022-04-27,"Laboratorio Analítico Bioclínico (https://www.lab-sl.com/en/) Almería, Spain",,,BSD08S-20220427
BSD08S-20220427-S14,Field capacity,20.78,%,2022-04-27,"Laboratorio Analítico Bioclínico (https://www.lab-sl.com/en/) Almería, Spain",,,BSD08S-20220427
BSD09S-20220427-S01,pH KCl,6.18,NA,2022-04-27,"Laboratorio Analítico Bioclínico (https://www.lab-sl.com/en/) Almería, Spain",,,BSD09S-20220427
BSD09S-20220427-S02,pH,6.7,NA,2022-04-27,"Laboratorio Analítico Bioclínico (https://www.lab-sl.com/en/) Almería, Spain",,,BSD09S-20220427
BSD09S-20220427-S03,Conductivity,97,microS/cm,2022-04-27,"Laboratorio Analítico Bioclínico (https://www.lab-sl.com/en/) Almería, Spain",,,BSD09S-20220427
BSD09S-20220427-S04,Sulphate,6,mg/L,2022-04-27,"Laboratorio Analítico Bioclínico (https://www.lab-sl.com/en/) Almería, Spain",,,BSD09S-20220427
BSD09S-20220427-S05,Bicarbonate,50,mg/L,2022-04-27,"Laboratorio Analítico Bioclínico (https://www.lab-sl.com/en/) Almería, Spain",,,BSD09S-20220427
BSD09S-20220427-S06,Total N,0.04,%,2022-04-27,"Laboratorio Analítico Bioclínico (https://www.lab-sl.com/en/) Almería, Spain",,,BSD09S-20220427
BSD09S-20220427-S07,Assimilable K,119.8,mg/kg,2022-04-27,"Laboratorio Analítico Bioclínico (https://www.lab-sl.com/en/) Almería, Spain",,,BSD09S-20220427
BSD09S-20220427-S08,Assimilable P,7.77,mg/kg,2022-04-27,"Laboratorio Analítico Bioclínico (https://www.lab-sl.com/en/) Almería, Spain",,,BSD09S-20220427
BSD09S-20220427-S09,Soil Organic Matter,0.76,???,2022-04-27,"Laboratorio Analítico Bioclínico (https://www.lab-sl.com/en/) Almería, Spain",,,BSD09S-20220427
BSD09S-20220427-S10,Ratio C:N,11.02,NA,2022-04-27,"Laboratorio Analítico Bioclínico (https://www.lab-sl.com/en/) Almería, Spain",,,BSD09S-20220427
BSD09S-20220427-S11,Sand,65.6,%,2022-04-27,"Laboratorio Analítico Bioclínico (https://www.lab-sl.com/en/) Almería, Spain",,,BSD09S-20220427
BSD09S-20220427-S12,Slime,14.7,%,2022-04-27,"Laboratorio Analítico Bioclínico (https://www.lab-sl.com/en/) Almería, Spain",,,BSD09S-20220427
BSD09S-20220427-S13,Clay,19.7,%,2022-04-27,"Laboratorio Analítico Bioclínico (https://www.lab-sl.com/en/) Almería, Spain",,,BSD09S-20220427
BSD09S-20220427-S14,Field capacity,20.34,%,2022-04-27,"Laboratorio Analítico Bioclínico (https://www.lab-sl.com/en/) Almería, Spain",,,BSD09S-20220427
BSD10S-20220427-S01,pH KCl,6.72,NA,2022-04-27,"Laboratorio Analítico Bioclínico (https://www.lab-sl.com/en/) Almería, Spain",,,BSD10S-20220427
BSD10S-20220427-S02,pH,7.3,NA,2022-04-27,"Laboratorio Analítico Bioclínico (https://www.lab-sl.com/en/) Almería, Spain",,,BSD10S-20220427
BSD10S-20220427-S03,Conductivity,186,microS/cm,2022-04-27,"Laboratorio Analítico Bioclínico (https://www.lab-sl.com/en/) Almería, Spain",,,BSD10S-20220427
BSD10S-20220427-S04,Sulphate,7,mg/L,2022-04-27,"Laboratorio Analítico Bioclínico (https://www.lab-sl.com/en/) Almería, Spain",,,BSD10S-20220427
BSD10S-20220427-S05,Bicarbonate,99,mg/L,2022-04-27,"Laboratorio Analítico Bioclínico (https://www.lab-sl.com/en/) Almería, Spain",,,BSD10S-20220427
BSD10S-20220427-S06,Total N,0.05,%,2022-04-27,"Laboratorio Analítico Bioclínico (https://www.lab-sl.com/en/) Almería, Spain",,,BSD10S-20220427
BSD10S-20220427-S07,Assimilable K,264.2,mg/kg,2022-04-27,"Laboratorio Analítico Bioclínico (https://www.lab-sl.com/en/) Almería, Spain",,,BSD10S-20220427
BSD10S-20220427-S08,Assimilable P,10.31,mg/kg,2022-04-27,"Laboratorio Analítico Bioclínico (https://www.lab-sl.com/en/) Almería, Spain",,,BSD10S-20220427
BSD10S-20220427-S09,Soil Organic Matter,1.12,???,2022-04-27,"Laboratorio Analítico Bioclínico (https://www.lab-sl.com/en/) Almería, Spain",,,BSD10S-20220427
BSD10S-20220427-S10,Ratio C:N,12.99,NA,2022-04-27,"Laboratorio Analítico Bioclínico (https://www.lab-sl.com/en/) Almería, Spain",,,BSD10S-20220427
BSD10S-20220427-S11,Sand,63.6,%,2022-04-27,"Laboratorio Analítico Bioclínico (https://www.lab-sl.com/en/) Almería, Spain",,,BSD10S-20220427
BSD10S-20220427-S12,Slime,13.6,%,2022-04-27,"Laboratorio Analítico Bioclínico (https://www.lab-sl.com/en/) Almería, Spain",,,BSD10S-20220427
BSD10S-20220427-S13,Clay,22.8,%,2022-04-27,"Laboratorio Analítico Bioclínico (https://www.lab-sl.com/en/) Almería, Spain",,,BSD10S-20220427
BSD10S-20220427-S14,Field capacity,21.17,%,2022-04-27,"Laboratorio Analítico Bioclínico (https://www.lab-sl.com/en/) Almería, Spain",,,BSD10S-20220427
BSD11S-20220427-S01,pH KCl,6.54,NA,2022-04-27,"Laboratorio Analítico Bioclínico (https://www.lab-sl.com/en/) Almería, Spain",,,BSD11S-20220427
BSD11S-20220427-S02,pH,7.1,NA,2022-04-27,"Laboratorio Analítico Bioclínico (https://www.lab-sl.com/en/) Almería, Spain",,,BSD11S-20220427
BSD11S-20220427-S03,Conductivity,177,microS/cm,2022-04-27,"Laboratorio Analítico Bioclínico (https://www.lab-sl.com/en/) Almería, Spain",,,BSD11S-20220427
BSD11S-20220427-S04,Sulphate,7,mg/L,2022-04-27,"Laboratorio Analítico Bioclínico (https://www.lab-sl.com/en/) Almería, Spain",,,BSD11S-20220427
BSD11S-20220427-S05,Bicarbonate,96,mg/L,2022-04-27,"Laboratorio Analítico Bioclínico (https://www.lab-sl.com/en/) Almería, Spain",,,BSD11S-20220427
BSD11S-20220427-S06,Total N,0.08,%,2022-04-27,"Laboratorio Analítico Bioclínico (https://www.lab-sl.com/en/) Almería, Spain",,,BSD11S-20220427
BSD11S-20220427-S07,Assimilable K,228.2,mg/kg,2022-04-27,"Laboratorio Analítico Bioclínico (https://www.lab-sl.com/en/) Almería, Spain",,,BSD11S-20220427
BSD11S-20220427-S08,Assimilable P,19.25,mg/kg,2022-04-27,"Laboratorio Analítico Bioclínico (https://www.lab-sl.com/en/) Almería, Spain",,,BSD11S-20220427
BSD11S-20220427-S09,Soil Organic Matter,1.91,???,2022-04-27,"Laboratorio Analítico Bioclínico (https://www.lab-sl.com/en/) Almería, Spain",,,BSD11S-20220427
BSD11S-20220427-S10,Ratio C:N,13.85,NA,2022-04-27,"Laboratorio Analítico Bioclínico (https://www.lab-sl.com/en/) Almería, Spain",,,BSD11S-20220427
BSD11S-20220427-S11,Sand,66.9,%,2022-04-27,"Laboratorio Analítico Bioclínico (https://www.lab-sl.com/en/) Almería, Spain",,,BSD11S-20220427
BSD11S-20220427-S12,Slime,14.2,%,2022-04-27,"Laboratorio Analítico Bioclínico (https://www.lab-sl.com/en/) Almería, Spain",,,BSD11S-20220427
BSD11S-20220427-S13,Clay,18.9,%,2022-04-27,"Laboratorio Analítico Bioclínico (https://www.lab-sl.com/en/) Almería, Spain",,,BSD11S-20220427
BSD11S-20220427-S14,Field capacity,23.33,%,2022-04-27,"Laboratorio Analítico Bioclínico (https://www.lab-sl.com/en/) Almería, Spain",,,BSD11S-20220427
BSD12S-20220427-S01,pH KCl,5.89,NA,2022-04-27,"Laboratorio Analítico Bioclínico (https://www.lab-sl.com/en/) Almería, Spain",,,BSD12S-20220427
BSD12S-20220427-S02,pH,6.7,NA,2022-04-27,"Laboratorio Analítico Bioclínico (https://www.lab-sl.com/en/) Almería, Spain",,,BSD12S-20220427
BSD12S-20220427-S03,Conductivity,128,microS/cm,2022-04-27,"Laboratorio Analítico Bioclínico (https://www.lab-sl.com/en/) Almería, Spain",,,BSD12S-20220427
BSD12S-20220427-S04,Sulphate,8,mg/L,2022-04-27,"Laboratorio Analítico Bioclínico (https://www.lab-sl.com/en/) Almería, Spain",,,BSD12S-20220427
BSD12S-20220427-S05,Bicarbonate,55,mg/L,2022-04-27,"Laboratorio Analítico Bioclínico (https://www.lab-sl.com/en/) Almería, Spain",,,BSD12S-20220427
BSD12S-20220427-S06,Total N,0.05,%,2022-04-27,"Laboratorio Analítico Bioclínico (https://www.lab-sl.com/en/) Almería, Spain",,,BSD12S-20220427
BSD12S-20220427-S07,Assimilable K,201,mg/kg,2022-04-27,"Laboratorio Analítico Bioclínico (https://www.lab-sl.com/en/) Almería, Spain",,,BSD12S-20220427
BSD12S-20220427-S08,Assimilable P,19.2,mg/kg,2022-04-27,"Laboratorio Analítico Bioclínico (https://www.lab-sl.com/en/) Almería, Spain",,,BSD12S-20220427
BSD12S-20220427-S09,Soil Organic Matter,1.61,???,2022-04-27,"Laboratorio Analítico Bioclínico (https://www.lab-sl.com/en/) Almería, Spain",,,BSD12S-20220427
BSD12S-20220427-S10,Ratio C:N,18.68,NA,2022-04-27,"Laboratorio Analítico Bioclínico (https://www.lab-sl.com/en/) Almería, Spain",,,BSD12S-20220427
BSD12S-20220427-S11,Sand,62.7,%,2022-04-27,"Laboratorio Analítico Bioclínico (https://www.lab-sl.com/en/) Almería, Spain",,,BSD12S-20220427
BSD12S-20220427-S12,Slime,14,%,2022-04-27,"Laboratorio Analítico Bioclínico (https://www.lab-sl.com/en/) Almería, Spain",,,BSD12S-20220427
BSD12S-20220427-S13,Clay,23.3,%,2022-04-27,"Laboratorio Analítico Bioclínico (https://www.lab-sl.com/en/) Almería, Spain",,,BSD12S-20220427
BSD12S-20220427-S14,Field capacity,23.07,%,2022-04-27,"Laboratorio Analítico Bioclínico (https://www.lab-sl.com/en/) Almería, Spain",,,BSD12S-20220427
